Timestamp (UTC),Osney-Lock-rainfall-15min-Qualified,Iffley-Lock-height-data-downstream,New-Botley-height-data,Minns-Estate-height-data,Osney-Lock-height-data-downstream,Godstow-Lock-height-data-downstream,Kings-Lock-height-data-downstream,Eynsham-Lock-height-data-downstream,Pinkhill-Lock-height-data-downstream,Farmoor-height-data,Northmoor-Lock-height-data-downstream,Shifford-Lock-height-data-downstream,Rushey-Lock-height-data-downstream,Radcot-Lock-height-data-downstream,Grafton-Lock-height-data-downstream,Buscot-Lock-height-data-downstream,St-Johns-Lock-height-data-downstream,Hannington-Bridge-height-data
2025-04-12T06:15:00Z,0.0,2.32,1.01,1.25,2.4,1.63,1.8,1.88,1.88,0.88,1.73,1.93,1.8,1.81,1.69,1.65,1.43,2.19
2025-04-12T06:30:00Z,0.0,2.34,1.01,1.25,2.4,1.62,1.8,1.88,1.88,0.88,1.74,1.93,1.8,1.81,1.69,1.65,1.42,2.19
2025-04-12T06:45:00Z,0.0,2.33,1.01,1.25,2.4,1.62,1.8,1.88,1.88,0.88,1.73,1.93,1.8,1.81,1.69,1.65,1.43,2.19
2025-04-12T07:00:00Z,0.0,2.34,1.01,1.25,2.4,1.61,1.8,1.88,1.88,0.87,1.73,1.93,1.8,1.81,1.69,1.65,1.43,2.19
2025-04-12T07:15:00Z,0.0,2.32,1.01,1.25,2.38,1.61,1.8,1.88,1.88,0.87,1.73,1.93,1.8,1.81,1.69,1.65,1.41,2.19
2025-04-12T07:30:00Z,0.0,2.32,1.0,1.25,2.38,1.62,1.79,1.88,1.88,0.87,1.73,1.93,1.8,1.81,1.69,1.65,1.42,2.19
2025-04-12T07:45:00Z,0.0,2.33,1.0,1.25,2.37,1.62,1.79,1.87,1.88,0.88,1.73,1.93,1.8,1.81,1.69,1.65,1.42,2.19
2025-04-12T08:00:00Z,0.0,2.33,1.0,1.25,2.37,1.63,1.8,1.87,1.88,0.87,1.73,1.93,1.8,1.81,1.69,1.65,1.43,2.19
2025-04-12T08:15:00Z,0.0,2.32,1.0,1.25,2.37,1.63,1.79,1.87,1.88,0.87,1.73,1.93,1.8,1.81,1.69,1.65,1.41,2.19
2025-04-12T08:30:00Z,0.0,2.31,1.0,1.24,2.36,1.64,1.79,1.87,1.88,0.87,1.73,1.93,1.8,1.81,1.69,1.65,1.43,2.18
2025-04-12T08:45:00Z,0.0,2.32,0.99,1.24,2.36,1.64,1.79,1.88,1.88,0.87,1.73,1.92,1.8,1.81,1.69,1.65,1.44,2.18
2025-04-12T09:00:00Z,0.0,2.34,0.99,1.24,2.37,1.65,1.79,1.87,1.88,0.87,1.73,1.92,1.8,1.81,1.7,1.65,1.43,2.18
2025-04-12T09:15:00Z,0.0,2.34,0.99,1.24,2.37,1.65,1.8,1.87,1.89,0.87,1.73,1.92,1.8,1.81,1.7,1.65,1.42,2.18
2025-04-12T09:30:00Z,0.0,2.33,1.0,1.24,2.39,1.64,1.79,1.87,1.88,0.87,1.73,1.92,1.81,1.81,1.7,1.65,1.42,2.18
2025-04-12T09:45:00Z,0.0,2.32,1.0,1.24,2.39,1.64,1.8,1.88,1.87,0.87,1.73,1.92,1.81,1.81,1.7,1.65,1.41,2.18
2025-04-12T10:00:00Z,0.0,2.33,1.0,1.24,2.4,1.63,1.8,1.88,1.87,0.87,1.73,1.92,1.8,1.81,1.69,1.65,1.41,2.18
2025-04-12T10:15:00Z,0.0,2.35,1.0,1.24,2.39,1.62,1.8,1.88,1.87,0.87,1.73,1.93,1.8,1.81,1.7,1.65,1.41,2.18
2025-04-12T10:30:00Z,0.0,2.34,1.0,1.24,2.39,1.61,1.8,1.88,1.87,0.87,1.73,1.92,1.8,1.81,1.7,1.65,1.41,2.18
2025-04-12T10:45:00Z,0.0,2.31,1.0,1.24,2.38,1.61,1.78,1.87,1.87,0.87,1.73,1.92,1.8,1.81,1.7,1.65,1.41,2.18
2025-04-12T11:00:00Z,0.0,2.33,1.0,1.24,2.38,1.62,1.79,1.87,1.87,0.87,1.73,1.92,1.81,1.82,1.7,1.65,1.42,2.17
2025-04-12T11:15:00Z,0.0,2.31,1.0,1.23,2.4,1.62,1.78,1.87,1.87,0.87,1.73,1.93,1.81,1.83,1.7,1.65,1.42,2.17
2025-04-12T11:30:00Z,0.0,2.33,0.99,1.23,2.36,1.63,1.79,1.87,1.87,0.87,1.72,1.93,1.81,1.82,1.7,1.65,1.42,2.17
2025-04-12T11:45:00Z,0.0,2.28,0.99,1.23,2.37,1.64,1.79,1.87,1.87,0.87,1.73,1.93,1.81,1.82,1.7,1.65,1.43,2.17
2025-04-12T12:00:00Z,0.0,2.31,0.99,1.23,2.37,1.65,1.79,1.87,1.87,0.87,1.72,1.92,1.81,1.82,1.7,1.65,1.43,2.17
2025-04-12T12:15:00Z,0.0,2.35,0.99,1.23,2.36,1.65,1.78,1.87,1.87,0.87,1.73,1.93,1.81,1.82,1.7,1.64,1.41,2.17
2025-04-12T12:30:00Z,0.0,2.35,0.99,1.23,2.36,1.65,1.79,1.87,1.87,0.87,1.72,1.93,1.82,1.82,1.7,1.64,1.42,2.17
2025-04-12T12:45:00Z,0.0,2.35,0.99,1.23,2.36,1.65,1.78,1.87,1.87,0.87,1.72,1.93,1.81,1.82,1.7,1.65,1.41,2.17
2025-04-12T13:00:00Z,0.0,2.33,0.99,1.23,2.37,1.65,1.79,1.87,1.87,0.87,1.72,1.93,1.81,1.82,1.71,1.65,1.42,2.16
2025-04-12T13:15:00Z,0.0,2.34,0.99,1.23,2.38,1.64,1.79,1.87,1.87,0.87,1.72,1.93,1.81,1.82,1.7,1.64,1.42,2.16
2025-04-12T13:30:00Z,0.0,2.33,0.99,1.23,2.38,1.64,1.8,1.87,1.87,0.87,1.72,1.93,1.81,1.82,1.7,1.66,1.41,2.16
2025-04-12T13:45:00Z,0.0,2.33,0.99,1.23,2.39,1.63,1.8,1.87,1.87,0.87,1.72,1.93,1.81,1.82,1.7,1.64,1.41,2.16
2025-04-12T14:00:00Z,0.0,2.36,0.99,1.23,2.39,1.62,1.8,1.87,1.87,0.87,1.72,1.93,1.81,1.82,1.71,1.64,1.42,2.16
2025-04-12T14:15:00Z,0.0,2.3,0.99,1.23,2.38,1.62,1.79,1.87,1.87,0.87,1.73,1.93,1.81,1.82,1.7,1.64,1.43,2.16
2025-04-12T14:30:00Z,0.0,2.35,0.99,1.23,2.37,1.63,1.79,1.87,1.87,0.87,1.72,1.93,1.82,1.82,1.7,1.65,1.41,2.16
2025-04-12T14:45:00Z,0.0,2.33,0.99,1.23,2.37,1.62,1.79,1.87,1.87,0.87,1.73,1.93,1.82,1.82,1.7,1.64,1.42,2.15
2025-04-12T15:00:00Z,0.0,2.33,0.99,1.23,2.37,1.63,1.8,1.87,1.87,0.87,1.73,1.93,1.82,1.82,1.7,1.64,1.4,2.15
2025-04-12T15:15:00Z,0.0,2.33,0.99,1.23,2.37,1.64,1.8,1.87,1.87,0.87,1.73,1.93,1.81,1.82,1.7,1.71,1.41,2.15
2025-04-12T15:30:00Z,0.0,2.27,0.98,1.22,2.38,1.65,1.8,1.87,1.87,0.87,1.73,1.93,1.82,1.82,1.71,1.64,1.4,2.15
2025-04-12T15:45:00Z,0.0,2.33,0.98,1.22,2.38,1.65,1.8,1.87,1.87,0.87,1.72,1.93,1.82,1.83,1.7,1.64,1.42,2.15
2025-04-12T16:00:00Z,0.0,2.34,0.98,1.22,2.38,1.65,1.79,1.87,1.87,0.87,1.73,1.93,1.82,1.83,1.7,1.65,1.41,2.15
2025-04-12T16:15:00Z,0.0,2.34,0.99,1.22,2.4,1.65,1.79,1.87,1.87,0.87,1.73,1.93,1.82,1.82,1.7,1.67,1.41,2.15
2025-04-12T16:30:00Z,0.0,2.33,0.99,1.22,2.38,1.64,1.79,1.87,1.87,0.86,1.73,1.93,1.82,1.82,1.7,1.66,1.42,2.15
2025-04-12T16:45:00Z,0.0,2.32,0.99,1.22,2.38,1.63,1.8,1.87,1.87,0.87,1.73,1.93,1.82,1.82,1.69,1.64,1.41,2.15
2025-04-12T17:00:00Z,0.0,2.33,0.99,1.22,2.38,1.63,1.79,1.87,1.87,0.87,1.73,1.93,1.81,1.82,1.7,1.64,1.4,2.15
2025-04-12T17:15:00Z,0.0,2.32,0.99,1.22,2.38,1.62,1.79,1.87,1.87,0.87,1.72,1.94,1.81,1.82,1.7,1.64,1.42,2.15
2025-04-12T17:30:00Z,0.0,2.35,0.99,1.22,2.38,1.64,1.79,1.87,1.87,0.87,1.73,1.94,1.81,1.82,1.7,1.64,1.41,2.15
2025-04-12T17:45:00Z,0.0,2.33,0.98,1.22,2.37,1.63,1.79,1.87,1.87,0.87,1.73,1.94,1.81,1.82,1.7,1.64,1.41,2.15
2025-04-12T18:00:00Z,0.0,2.34,0.98,1.22,2.37,1.64,1.79,1.87,1.87,0.87,1.73,1.93,1.81,1.82,1.7,1.64,1.41,2.15
2025-04-12T18:15:00Z,0.0,2.31,0.98,1.22,2.37,1.64,1.79,1.87,1.87,0.87,1.73,1.93,1.81,1.82,1.7,1.64,1.42,2.15
2025-04-12T18:30:00Z,0.0,2.33,0.98,1.22,2.37,1.64,1.79,1.87,1.87,0.87,1.73,1.93,1.82,1.82,1.7,1.64,1.41,2.15
2025-04-12T18:45:00Z,0.0,2.33,0.98,1.22,2.37,1.65,1.79,1.87,1.87,0.87,1.73,1.93,1.81,1.82,1.7,1.63,1.41,2.15
2025-04-12T19:00:00Z,0.0,2.35,0.98,1.22,2.37,1.65,1.79,1.87,1.87,0.87,1.73,1.93,1.81,1.81,1.69,1.64,1.41,2.15
2025-04-12T19:15:00Z,0.0,2.33,0.98,1.22,2.38,1.65,1.79,1.87,1.87,0.87,1.73,1.93,1.81,1.82,1.69,1.64,1.4,2.15
2025-04-12T19:30:00Z,0.0,2.33,0.98,1.22,2.39,1.65,1.79,1.87,1.87,0.87,1.73,1.94,1.81,1.81,1.69,1.63,1.42,2.15
2025-04-12T19:45:00Z,0.0,2.33,0.99,1.22,2.39,1.64,1.8,1.87,1.87,0.88,1.73,1.94,1.81,1.82,1.69,1.63,1.42,2.16
2025-04-12T20:00:00Z,0.0,2.33,0.99,1.22,2.4,1.63,1.8,1.87,1.87,0.88,1.73,1.94,1.81,1.81,1.69,1.63,1.41,2.16
2025-04-12T20:15:00Z,0.0,2.35,0.99,1.22,2.39,1.62,1.8,1.87,1.87,0.88,1.73,1.94,1.81,1.82,1.69,1.63,1.4,2.16
2025-04-12T20:30:00Z,0.0,2.34,0.99,1.22,2.38,1.62,1.8,1.87,1.88,0.87,1.74,1.94,1.81,1.81,1.69,1.63,1.41,2.16
2025-04-12T20:45:00Z,0.0,2.34,0.99,1.22,2.38,1.63,1.8,1.87,1.87,0.87,1.73,1.94,1.81,1.81,1.69,1.63,1.4,2.16
2025-04-12T21:00:00Z,0.0,2.33,0.99,1.22,2.37,1.63,1.8,1.87,1.88,0.88,1.73,1.94,1.81,1.81,1.69,1.63,1.41,2.17
2025-04-12T21:15:00Z,0.0,2.33,0.98,1.22,2.37,1.63,1.8,1.87,1.87,0.88,1.73,1.94,1.81,1.81,1.69,1.63,1.41,2.17
2025-04-12T21:30:00Z,0.0,2.33,0.98,1.22,2.37,1.64,1.8,1.87,1.87,0.88,1.73,1.94,1.81,1.81,1.69,1.63,1.4,2.17
2025-04-12T21:45:00Z,0.0,2.33,0.98,1.22,2.37,1.64,1.8,1.87,1.87,0.88,1.73,1.94,1.81,1.81,1.69,1.63,1.39,2.17
2025-04-12T22:00:00Z,0.0,2.34,0.98,1.22,2.37,1.65,1.8,1.87,1.88,0.88,1.73,1.94,1.81,1.81,1.69,1.63,1.41,2.17
2025-04-12T22:15:00Z,0.0,2.33,0.98,1.22,2.37,1.65,1.8,1.87,1.88,0.88,1.73,1.94,1.81,1.81,1.69,1.63,1.41,2.17
2025-04-12T22:30:00Z,0.0,2.33,0.98,1.22,2.37,1.65,1.8,1.87,1.88,0.87,1.73,1.94,1.81,1.81,1.69,1.63,1.41,2.18
2025-04-12T22:45:00Z,0.0,2.33,0.98,1.22,2.37,1.65,1.8,1.87,1.88,0.88,1.73,1.93,1.81,1.81,1.69,1.63,1.41,2.18
2025-04-12T23:00:00Z,0.0,2.34,0.99,1.22,2.37,1.65,1.8,1.87,1.87,0.88,1.73,1.94,1.81,1.81,1.69,1.63,1.4,2.18
2025-04-12T23:15:00Z,0.0,2.34,0.99,1.22,2.39,1.64,1.8,1.87,1.88,0.88,1.73,1.94,1.81,1.81,1.69,1.63,1.41,2.18
2025-04-12T23:30:00Z,0.0,2.33,0.99,1.22,2.4,1.63,1.8,1.87,1.88,0.88,1.73,1.94,1.8,1.81,1.69,1.63,1.4,2.18
2025-04-12T23:45:00Z,0.0,2.33,0.99,1.22,2.38,1.63,1.8,1.87,1.88,0.88,1.73,1.93,1.8,1.8,1.69,1.63,1.4,2.18
2025-04-13T00:00:00Z,0.0,2.33,0.99,1.22,2.38,1.63,1.8,1.87,1.88,0.88,1.73,1.93,1.8,1.81,1.69,1.63,1.41,2.18
2025-04-13T00:15:00Z,0.0,2.34,0.99,1.22,2.38,1.63,1.8,1.87,1.88,0.88,1.73,1.93,1.8,1.81,1.69,1.63,1.42,2.18
2025-04-13T00:30:00Z,0.0,2.33,0.99,1.22,2.37,1.64,1.8,1.87,1.88,0.88,1.73,1.93,1.8,1.81,1.69,1.63,1.41,2.19
2025-04-13T00:45:00Z,0.0,2.32,0.99,1.22,2.37,1.64,1.8,1.87,1.88,0.88,1.73,1.93,1.8,1.8,1.69,1.63,1.41,2.19
2025-04-13T01:00:00Z,0.0,2.33,0.99,1.22,2.37,1.65,1.8,1.87,1.88,0.88,1.74,1.93,1.8,1.8,1.69,1.63,1.42,2.19
2025-04-13T01:15:00Z,0.0,2.33,0.99,1.22,2.38,1.65,1.8,1.87,1.88,0.88,1.73,1.93,1.8,1.81,1.69,1.63,1.41,2.19
2025-04-13T01:30:00Z,0.0,2.32,0.99,1.22,2.38,1.65,1.8,1.87,1.88,0.88,1.74,1.93,1.8,1.8,1.69,1.63,1.42,2.19
2025-04-13T01:45:00Z,0.0,2.33,0.99,1.22,2.39,1.65,1.8,1.87,1.88,0.88,1.73,1.93,1.8,1.8,1.69,1.63,1.41,2.19
2025-04-13T02:00:00Z,0.0,2.35,0.99,1.22,2.4,1.64,1.8,1.87,1.88,0.88,1.73,1.93,1.8,1.8,1.69,1.63,1.42,2.19
2025-04-13T02:15:00Z,0.0,2.34,0.99,1.22,2.4,1.63,1.8,1.87,1.88,0.88,1.73,1.93,1.8,1.8,1.68,1.63,1.41,2.19
2025-04-13T02:30:00Z,0.0,2.33,0.99,1.22,2.38,1.62,1.8,1.87,1.88,0.88,1.73,1.93,1.8,1.8,1.68,1.63,1.42,2.19
2025-04-13T02:45:00Z,0.0,2.33,0.99,1.22,2.39,1.62,1.8,1.87,1.88,0.87,1.73,1.93,1.8,1.8,1.69,1.63,1.41,2.19
2025-04-13T03:00:00Z,0.0,2.33,0.99,1.22,2.38,1.62,1.8,1.87,1.88,0.87,1.73,1.93,1.8,1.8,1.69,1.63,1.42,2.18
2025-04-13T03:15:00Z,0.0,2.33,0.99,1.22,2.37,1.63,1.8,1.87,1.88,0.88,1.73,1.93,1.8,1.8,1.69,1.63,1.42,2.18
2025-04-13T03:30:00Z,0.0,2.33,0.99,1.22,2.37,1.63,1.8,1.87,1.87,0.87,1.73,1.93,1.8,1.8,1.69,1.63,1.41,2.18
2025-04-13T03:45:00Z,0.0,2.34,0.99,1.22,2.37,1.64,1.8,1.87,1.87,0.87,1.73,1.93,1.8,1.8,1.69,1.63,1.42,2.18
2025-04-13T04:00:00Z,0.0,2.33,0.98,1.22,2.37,1.65,1.8,1.87,1.88,0.87,1.73,1.93,1.8,1.8,1.69,1.63,1.42,2.18
2025-04-13T04:15:00Z,0.0,2.32,0.98,1.22,2.38,1.65,1.8,1.87,1.87,0.87,1.73,1.93,1.8,1.8,1.69,1.63,1.42,2.18
2025-04-13T04:30:00Z,0.0,2.33,0.99,1.22,2.38,1.65,1.8,1.87,1.88,0.87,1.73,1.93,1.8,1.8,1.69,1.63,1.41,2.18
2025-04-13T04:45:00Z,0.0,2.33,0.99,1.22,2.39,1.64,1.8,1.87,1.87,0.87,1.73,1.93,1.8,1.8,1.69,1.63,1.42,2.18
2025-04-13T05:00:00Z,0.0,2.34,0.99,1.22,2.39,1.63,1.8,1.87,1.88,0.87,1.73,1.93,1.8,1.8,1.69,1.64,1.4,2.18
2025-04-13T05:15:00Z,0.0,2.34,0.99,1.22,2.4,1.63,1.8,1.87,1.87,0.87,1.73,1.93,1.8,1.8,1.69,1.64,1.41,2.18
2025-04-13T05:30:00Z,0.0,2.33,0.99,1.22,2.4,1.62,1.8,1.87,1.87,0.87,1.73,1.93,1.8,1.8,1.69,1.64,1.42,2.18
2025-04-13T05:45:00Z,0.0,2.33,0.99,1.22,2.39,1.61,1.8,1.87,1.87,0.87,1.73,1.92,1.8,1.8,1.69,1.64,1.41,2.18
2025-04-13T06:00:00Z,0.0,2.33,0.99,1.22,2.38,1.61,1.8,1.87,1.87,0.87,1.73,1.92,1.8,1.8,1.69,1.64,1.42,2.18
2025-04-13T06:15:00Z,0.0,2.34,0.99,1.22,2.38,1.62,1.8,1.87,1.87,0.87,1.73,1.92,1.8,1.8,1.69,1.64,1.41,2.18
2025-04-13T06:30:00Z,0.0,2.32,0.99,1.22,2.37,1.62,1.79,1.87,1.88,0.87,1.73,1.92,1.8,1.8,1.69,1.64,1.42,2.18
2025-04-13T06:45:00Z,0.0,2.32,0.99,1.22,2.37,1.63,1.79,1.87,1.87,0.87,1.73,1.92,1.8,1.8,1.69,1.64,1.42,2.18
2025-04-13T07:00:00Z,0.0,2.33,0.98,1.22,2.38,1.63,1.8,1.87,1.87,0.87,1.72,1.92,1.8,1.81,1.69,1.64,1.42,2.18
2025-04-13T07:15:00Z,0.0,2.32,0.98,1.22,2.36,1.64,1.79,1.87,1.87,0.87,1.73,1.92,1.8,1.8,1.69,1.64,1.41,2.18
2025-04-13T07:30:00Z,0.0,2.32,0.98,1.22,2.37,1.64,1.8,1.87,1.87,0.87,1.73,1.92,1.8,1.8,1.69,1.64,1.42,2.18
2025-04-13T07:45:00Z,0.0,2.32,0.98,1.22,2.37,1.65,1.8,1.87,1.87,0.87,1.73,1.92,1.8,1.8,1.69,1.64,1.42,2.18
2025-04-13T08:00:00Z,0.0,2.32,0.98,1.22,2.37,1.65,1.8,1.87,1.87,0.87,1.73,1.92,1.8,1.81,1.69,1.64,1.43,2.18
2025-04-13T08:15:00Z,0.0,2.34,0.99,1.22,2.38,1.65,1.8,1.87,1.87,0.87,1.73,1.92,1.8,1.81,1.69,1.64,1.42,2.18
2025-04-13T08:30:00Z,0.0,2.34,0.99,1.22,2.38,1.64,1.8,1.87,1.87,0.87,1.73,1.92,1.8,1.8,1.69,1.64,1.42,2.18
2025-04-13T08:45:00Z,0.0,2.33,0.99,1.22,2.39,1.63,1.8,1.87,1.87,0.87,1.72,1.92,1.8,1.8,1.69,1.64,1.42,2.18
2025-04-13T09:00:00Z,0.0,2.34,0.99,1.22,2.39,1.62,1.8,1.87,1.87,0.87,1.73,1.92,1.8,1.81,1.69,1.64,1.42,2.17
2025-04-13T09:15:00Z,0.0,2.34,0.99,1.22,2.39,1.62,1.79,1.87,1.87,0.87,1.72,1.92,1.8,1.81,1.69,1.64,1.39,2.17
2025-04-13T09:30:00Z,0.0,2.33,0.99,1.22,2.38,1.61,1.79,1.87,1.87,0.87,1.72,1.92,1.8,1.8,1.74,1.64,1.42,2.17
2025-04-13T09:45:00Z,0.0,2.32,0.99,1.22,2.37,1.62,1.79,1.87,1.87,0.87,1.73,1.92,1.8,1.81,1.69,1.64,1.42,2.17
2025-04-13T10:00:00Z,0.0,2.33,0.99,1.22,2.37,1.62,1.78,1.87,1.87,0.87,1.73,1.92,1.8,1.81,1.69,1.64,1.41,2.17
2025-04-13T10:15:00Z,0.0,2.33,0.99,1.22,2.37,1.63,1.79,1.87,1.87,0.87,1.73,1.92,1.79,1.82,1.69,1.64,1.41,2.17
2025-04-13T10:30:00Z,0.0,2.34,0.98,1.22,2.37,1.64,1.79,1.87,1.87,0.87,1.72,1.92,1.8,1.81,1.69,1.64,1.42,2.17
2025-04-13T10:45:00Z,0.0,2.34,0.98,1.22,2.36,1.64,1.79,1.87,1.87,0.87,1.72,1.92,1.81,1.83,1.69,1.64,1.42,2.17
2025-04-13T11:00:00Z,0.0,2.32,0.98,1.22,2.36,1.64,1.79,1.87,1.87,0.87,1.72,1.92,1.8,1.81,1.69,1.64,1.41,2.17
2025-04-13T11:15:00Z,0.0,2.34,0.98,1.22,2.37,1.65,1.79,1.87,1.87,0.86,1.73,1.92,1.78,1.8,1.69,1.64,1.41,2.17
2025-04-13T11:30:00Z,0.0,2.33,0.98,1.22,2.37,1.65,1.79,1.87,1.87,0.87,1.72,1.92,1.81,1.81,1.69,1.64,1.42,2.17
2025-04-13T11:45:00Z,0.0,2.33,0.98,1.22,2.38,1.65,1.79,1.87,1.87,0.87,1.73,1.93,1.81,1.81,1.69,1.64,1.42,2.16
2025-04-13T12:00:00Z,0.0,2.34,0.98,1.22,2.39,1.64,1.79,1.87,1.87,0.86,1.73,1.92,1.8,1.82,1.69,1.64,1.42,2.16
2025-04-13T12:15:00Z,0.0,2.33,0.99,1.22,2.38,1.65,1.79,1.87,1.87,0.87,1.72,1.93,1.8,1.81,1.69,1.64,1.41,2.16
2025-04-13T12:30:00Z,0.0,2.32,0.99,1.22,2.38,1.63,1.8,1.87,1.87,0.86,1.72,1.94,1.81,1.81,1.69,1.64,1.41,2.16
2025-04-13T12:45:00Z,0.0,2.33,0.99,1.22,2.4,1.63,1.8,1.87,1.87,0.87,1.72,1.93,1.81,1.81,1.69,1.63,1.41,2.16
2025-04-13T13:00:00Z,0.0,2.33,0.99,1.22,2.38,1.61,1.79,1.87,1.87,0.87,1.72,1.93,1.8,1.81,1.69,1.64,1.42,2.16
2025-04-13T13:15:00Z,0.0,2.33,0.99,1.22,2.38,1.62,1.79,1.87,1.87,0.86,1.72,1.93,1.8,1.81,1.69,1.64,1.42,2.16
2025-04-13T13:30:00Z,0.0,2.33,0.99,1.22,2.38,1.63,1.79,1.87,1.87,0.87,1.72,1.93,1.8,1.81,1.69,1.64,1.41,2.16
2025-04-13T13:45:00Z,0.0,2.33,0.98,1.22,2.3,1.63,1.79,1.87,1.87,0.87,1.72,1.93,1.8,1.81,1.69,1.64,1.42,2.15
2025-04-13T14:00:00Z,0.0,2.33,0.98,1.22,2.33,1.64,1.79,1.87,1.87,0.87,1.72,1.93,1.8,1.81,1.69,1.64,1.41,2.15
2025-04-13T14:15:00Z,0.0,2.36,0.98,1.22,2.35,1.64,1.79,1.87,1.87,0.86,1.72,1.93,1.78,1.81,1.69,1.63,1.4,2.15
2025-04-13T14:30:00Z,0.0,2.32,0.98,1.22,2.36,1.64,1.79,1.87,1.87,0.86,1.72,1.93,1.81,1.81,1.69,1.63,1.42,2.15
2025-04-13T14:45:00Z,0.0,2.32,0.98,1.22,2.35,1.65,1.79,1.87,1.87,0.86,1.72,1.93,1.81,1.81,1.69,1.64,1.42,2.15
2025-04-13T15:00:00Z,0.0,2.34,0.98,1.22,2.37,1.65,1.79,1.87,1.87,0.87,1.72,1.93,1.8,1.81,1.69,1.64,1.42,2.15
2025-04-13T15:15:00Z,0.0,2.34,0.98,1.22,2.38,1.65,1.79,1.87,1.87,0.87,1.72,1.93,1.8,1.8,1.69,1.64,1.41,2.15
2025-04-13T15:30:00Z,0.0,2.33,0.98,1.21,2.4,1.64,1.79,1.87,1.87,0.87,1.72,1.93,1.81,1.81,1.7,1.63,1.41,2.15
2025-04-13T15:45:00Z,0.0,2.33,0.99,1.21,2.39,1.63,1.79,1.87,1.87,0.87,1.72,1.92,1.8,1.81,1.69,1.63,1.41,2.15
2025-04-13T16:00:00Z,0.0,2.34,0.99,1.21,2.38,1.62,1.79,1.87,1.87,0.87,1.72,1.92,1.8,1.8,1.69,1.63,1.4,2.15
2025-04-13T16:15:00Z,0.0,2.31,0.99,1.21,2.38,1.62,1.79,1.87,1.87,0.87,1.72,1.92,1.8,1.82,1.69,1.63,1.42,2.15
2025-04-13T16:30:00Z,0.0,2.33,0.98,1.21,2.37,1.62,1.79,1.87,1.87,0.87,1.73,1.93,1.8,1.81,1.69,1.61,1.39,2.14
2025-04-13T16:45:00Z,0.0,2.32,0.98,1.21,2.37,1.62,1.79,1.86,1.87,0.87,1.72,1.93,1.8,1.81,1.69,1.63,1.4,2.14
2025-04-13T17:00:00Z,0.0,2.34,0.98,1.21,2.36,1.63,1.79,1.87,1.87,0.87,1.72,1.92,1.8,1.81,1.69,1.63,1.4,2.14
2025-04-13T17:15:00Z,0.0,2.32,0.98,1.21,2.36,1.64,1.79,1.87,1.87,0.87,1.73,1.92,1.81,1.81,1.69,1.63,1.41,2.14
2025-04-13T17:30:00Z,0.0,2.33,0.98,1.21,2.36,1.64,1.79,1.87,1.87,0.87,1.72,1.92,1.8,1.81,1.69,1.63,1.41,2.14
2025-04-13T17:45:00Z,0.0,2.31,0.98,1.21,2.36,1.65,1.79,1.87,1.87,0.87,1.73,1.92,1.8,1.8,1.69,1.63,1.4,2.14
2025-04-13T18:00:00Z,0.0,2.33,0.98,1.21,2.36,1.65,1.79,1.87,1.87,0.87,1.72,1.92,1.8,1.8,1.69,1.63,1.4,2.14
2025-04-13T18:15:00Z,0.0,2.33,0.98,1.21,2.36,1.65,1.79,1.87,1.87,0.87,1.73,1.92,1.8,1.81,1.69,1.63,1.41,2.14
2025-04-13T18:30:00Z,0.0,2.32,0.98,1.21,2.38,1.66,1.79,1.87,1.87,0.87,1.72,1.92,1.79,1.81,1.69,1.63,1.4,2.14
2025-04-13T18:45:00Z,0.0,2.33,0.98,1.21,2.38,1.65,1.79,1.87,1.87,0.87,1.72,1.92,1.81,1.81,1.69,1.63,1.41,2.14
2025-04-13T19:00:00Z,0.0,2.33,0.98,1.21,2.39,1.64,1.79,1.87,1.87,0.87,1.72,1.92,1.8,1.81,1.69,1.63,1.4,2.14
2025-04-13T19:15:00Z,0.0,2.34,0.99,1.21,2.4,1.63,1.79,1.87,1.87,0.87,1.72,1.92,1.8,1.81,1.69,1.63,1.41,2.14
2025-04-13T19:30:00Z,0.0,2.35,0.99,1.21,2.4,1.62,1.79,1.87,1.87,0.87,1.72,1.92,1.8,1.81,1.68,1.63,1.42,2.14
2025-04-13T19:45:00Z,0.0,2.33,0.99,1.21,2.38,1.62,1.79,1.87,1.87,0.87,1.72,1.92,1.8,1.81,1.68,1.63,1.41,2.14
2025-04-13T20:00:00Z,0.0,2.33,0.99,1.21,2.38,1.62,1.79,1.87,1.87,0.87,1.72,1.92,1.8,1.8,1.68,1.63,1.4,2.15
2025-04-13T20:15:00Z,0.0,2.33,0.98,1.21,2.38,1.63,1.79,1.87,1.87,0.87,1.72,1.92,1.8,1.8,1.68,1.62,1.41,2.15
2025-04-13T20:30:00Z,0.0,2.33,0.98,1.21,2.37,1.63,1.79,1.87,1.87,0.87,1.72,1.92,1.8,1.81,1.68,1.63,1.41,2.15
2025-04-13T20:45:00Z,0.0,2.33,0.98,1.21,2.37,1.63,1.79,1.87,1.87,0.87,1.72,1.92,1.8,1.8,1.68,1.62,1.4,2.15
2025-04-13T21:00:00Z,0.0,2.33,0.98,1.21,2.37,1.64,1.79,1.87,1.87,0.87,1.72,1.92,1.8,1.8,1.68,1.62,1.41,2.15
2025-04-13T21:15:00Z,0.0,2.34,0.98,1.21,2.36,1.64,1.79,1.87,1.87,0.87,1.72,1.92,1.8,1.81,1.68,1.62,1.4,2.15
2025-04-13T21:30:00Z,0.0,2.33,0.98,1.21,2.36,1.65,1.79,1.87,1.87,0.87,1.72,1.92,1.8,1.8,1.68,1.62,1.4,2.15
2025-04-13T21:45:00Z,0.0,2.34,0.98,1.21,2.37,1.65,1.79,1.87,1.87,0.87,1.72,1.92,1.8,1.8,1.68,1.62,1.4,2.16
2025-04-13T22:00:00Z,0.0,2.33,0.98,1.21,2.38,1.65,1.79,1.87,1.87,0.87,1.72,1.92,1.8,1.8,1.68,1.62,1.39,2.16
2025-04-13T22:15:00Z,0.0,2.33,0.98,1.21,2.39,1.65,1.79,1.87,1.87,0.87,1.72,1.92,1.8,1.8,1.68,1.62,1.4,2.16
2025-04-13T22:30:00Z,0.0,2.33,0.98,1.21,2.39,1.64,1.79,1.87,1.87,0.86,1.72,1.92,1.8,1.8,1.68,1.62,1.4,2.16
2025-04-13T22:45:00Z,0.0,2.34,0.98,1.21,2.39,1.63,1.79,1.87,1.87,0.86,1.72,1.92,1.8,1.8,1.68,1.62,1.41,2.16
2025-04-13T23:00:00Z,0.0,2.34,0.98,1.21,2.4,1.62,1.79,1.87,1.87,0.86,1.72,1.92,1.8,1.8,1.68,1.61,1.42,2.17
2025-04-13T23:15:00Z,0.0,2.33,0.99,1.21,2.4,1.62,1.79,1.87,1.87,0.86,1.72,1.92,1.8,1.8,1.68,1.61,1.41,2.17
2025-04-13T23:30:00Z,0.0,2.33,0.99,1.21,2.38,1.61,1.79,1.87,1.87,0.86,1.72,1.92,1.8,1.8,1.68,1.61,1.4,2.17
2025-04-13T23:45:00Z,0.0,2.33,0.98,1.21,2.38,1.62,1.79,1.87,1.87,0.86,1.72,1.92,1.8,1.8,1.68,1.61,1.41,2.17
2025-04-14T00:00:00Z,0.0,2.33,0.98,1.21,2.37,1.62,1.79,1.87,1.87,0.86,1.72,1.92,1.8,1.8,1.68,1.61,1.4,2.17
2025-04-14T00:15:00Z,0.0,2.33,0.98,1.21,2.37,1.63,1.79,1.87,1.87,0.86,1.72,1.92,1.8,1.8,1.68,1.61,1.4,2.17
2025-04-14T00:30:00Z,0.0,2.34,0.98,1.21,2.36,1.63,1.79,1.87,1.87,0.86,1.72,1.92,1.79,1.8,1.68,1.61,1.4,2.17
2025-04-14T00:45:00Z,0.0,2.32,0.98,1.21,2.36,1.64,1.79,1.87,1.87,0.86,1.72,1.92,1.79,1.8,1.68,1.62,1.41,2.17
2025-04-14T01:00:00Z,0.0,2.34,0.98,1.21,2.36,1.64,1.79,1.87,1.87,0.86,1.72,1.92,1.79,1.8,1.68,1.61,1.4,2.17
2025-04-14T01:15:00Z,0.0,2.34,0.98,1.21,2.37,1.65,1.79,1.87,1.87,0.86,1.72,1.92,1.79,1.8,1.68,1.61,1.4,2.17
2025-04-14T01:30:00Z,0.0,2.33,0.98,1.21,2.37,1.65,1.79,1.87,1.87,0.86,1.72,1.92,1.79,1.8,1.68,1.61,1.41,2.17
2025-04-14T01:45:00Z,0.0,2.33,0.98,1.21,2.39,1.64,1.79,1.87,1.87,0.86,1.72,1.92,1.79,1.8,1.67,1.61,1.4,2.17
2025-04-14T02:00:00Z,0.0,2.33,0.98,1.21,2.39,1.64,1.79,1.87,1.87,0.86,1.72,1.92,1.79,1.8,1.68,1.61,1.42,2.17
2025-04-14T02:15:00Z,0.0,2.33,0.98,1.21,2.38,1.63,1.79,1.87,1.87,0.86,1.72,1.92,1.79,1.79,1.67,1.61,1.41,2.17
2025-04-14T02:30:00Z,0.0,2.34,0.98,1.21,2.39,1.62,1.79,1.87,1.87,0.86,1.71,1.92,1.79,1.79,1.67,1.61,1.4,2.17
2025-04-14T02:45:00Z,0.0,2.34,0.98,1.21,2.38,1.61,1.78,1.87,1.87,0.86,1.72,1.91,1.79,1.79,1.67,1.61,1.41,2.17
2025-04-14T03:00:00Z,0.0,2.33,0.98,1.21,2.38,1.61,1.79,1.87,1.87,0.86,1.71,1.91,1.79,1.79,1.67,1.61,1.4,2.17
2025-04-14T03:15:00Z,0.0,2.34,0.98,1.21,2.38,1.62,1.78,1.87,1.87,0.86,1.72,1.91,1.79,1.79,1.67,1.61,1.41,2.17
2025-04-14T03:30:00Z,0.0,2.33,0.98,1.21,2.37,1.62,1.78,1.87,1.87,0.86,1.72,1.91,1.79,1.79,1.67,1.61,1.41,2.17
2025-04-14T03:45:00Z,0.0,2.32,0.98,1.21,2.37,1.62,1.78,1.86,1.87,0.86,1.71,1.91,1.79,1.79,1.67,1.62,1.4,2.17
2025-04-14T04:00:00Z,0.0,2.33,0.98,1.21,2.36,1.63,1.78,1.86,1.87,0.86,1.71,1.91,1.79,1.79,1.67,1.62,1.41,2.17
2025-04-14T04:15:00Z,0.0,2.32,0.97,1.21,2.36,1.64,1.78,1.87,1.87,0.86,1.71,1.91,1.79,1.79,1.67,1.62,1.4,2.17
2025-04-14T04:30:00Z,0.0,2.33,0.97,1.21,2.36,1.64,1.78,1.86,1.87,0.86,1.71,1.91,1.79,1.79,1.67,1.62,1.41,2.17
2025-04-14T04:45:00Z,0.0,2.33,0.97,1.21,2.36,1.64,1.78,1.87,1.87,0.86,1.71,1.91,1.79,1.79,1.68,1.62,1.4,2.17
2025-04-14T05:00:00Z,0.0,2.33,0.98,1.21,2.37,1.65,1.78,1.87,1.87,0.86,1.71,1.91,1.79,1.79,1.68,1.62,1.42,2.17
2025-04-14T05:15:00Z,0.0,2.33,0.98,1.21,2.37,1.64,1.78,1.86,1.87,0.86,1.71,1.91,1.79,1.79,1.68,1.62,1.41,2.17
2025-04-14T05:30:00Z,0.0,2.35,0.98,1.21,2.38,1.63,1.78,1.86,1.87,0.86,1.71,1.91,1.79,1.79,1.67,1.62,1.4,2.17
2025-04-14T05:45:00Z,0.0,2.34,0.98,1.21,2.39,1.63,1.78,1.87,1.87,0.86,1.71,1.91,1.79,1.79,1.67,1.62,1.41,2.17
2025-04-14T06:00:00Z,0.0,2.34,0.98,1.21,2.39,1.62,1.78,1.87,1.87,0.86,1.71,1.91,1.79,1.79,1.67,1.62,1.41,2.17
2025-04-14T06:15:00Z,0.0,2.33,0.98,1.21,2.38,1.61,1.78,1.86,1.87,0.86,1.71,1.91,1.79,1.79,1.68,1.62,1.41,2.17
2025-04-14T06:30:00Z,0.0,2.33,0.98,1.21,2.38,1.61,1.78,1.86,1.87,0.86,1.71,1.91,1.79,1.79,1.68,1.62,1.41,2.17
2025-04-14T06:45:00Z,0.0,2.34,0.98,1.21,2.37,1.62,1.78,1.86,1.86,0.86,1.71,1.91,1.79,1.79,1.67,1.62,1.41,2.17
2025-04-14T07:00:00Z,0.0,2.34,0.98,1.21,2.36,1.62,1.78,1.86,1.87,0.86,1.71,1.91,1.79,1.79,1.68,1.62,1.42,2.17
2025-04-14T07:15:00Z,0.0,2.33,0.98,1.21,2.36,1.63,1.78,1.86,1.86,0.86,1.71,1.91,1.79,1.79,1.68,1.62,1.41,2.17
2025-04-14T07:30:00Z,0.0,2.33,0.97,1.21,2.36,1.63,1.78,1.86,1.86,0.86,1.71,1.91,1.79,1.79,1.68,1.62,1.4,2.17
2025-04-14T07:45:00Z,0.0,2.32,0.97,1.21,2.35,1.64,1.78,1.86,1.86,0.85,1.71,1.91,1.79,1.8,1.68,1.62,1.4,2.17
2025-04-14T08:00:00Z,0.0,2.33,0.97,1.21,2.35,1.64,1.78,1.86,1.86,0.86,1.71,1.91,1.79,1.79,1.68,1.62,1.42,2.17
2025-04-14T08:15:00Z,0.0,2.34,0.97,1.2,2.36,1.65,1.78,1.86,1.86,0.86,1.71,1.91,1.79,1.79,1.68,1.62,1.42,2.17
2025-04-14T08:30:00Z,0.0,2.34,0.97,1.2,2.36,1.64,1.78,1.86,1.86,0.85,1.71,1.91,1.79,1.79,1.68,1.63,1.4,2.17
2025-04-14T08:45:00Z,0.0,2.33,0.97,1.2,2.37,1.64,1.78,1.86,1.86,0.86,1.71,1.91,1.79,1.79,1.68,1.62,1.41,2.17
2025-04-14T09:00:00Z,0.0,2.33,0.97,1.2,2.38,1.64,1.78,1.86,1.86,0.85,1.71,1.91,1.79,1.79,1.67,1.62,1.4,2.17
2025-04-14T09:15:00Z,0.0,2.34,0.98,1.2,2.39,1.65,1.77,1.86,1.86,0.85,1.71,1.91,1.79,1.8,1.67,1.62,1.4,2.17
2025-04-14T09:30:00Z,0.0,2.33,0.98,1.2,2.39,1.62,1.77,1.86,1.86,0.85,1.7,1.91,1.79,1.81,1.68,1.63,1.41,2.17
2025-04-14T09:45:00Z,0.0,2.33,0.98,1.2,2.37,1.62,1.77,1.86,1.85,0.85,1.7,1.9,1.79,1.79,1.66,1.63,1.41,2.17
2025-04-14T10:00:00Z,0.0,2.32,0.98,1.2,2.37,1.61,1.77,1.85,1.86,0.86,1.7,1.89,1.8,1.79,1.66,1.63,1.42,2.17
2025-04-14T10:15:00Z,0.0,2.31,0.98,1.2,2.37,1.63,1.77,1.86,1.85,0.86,1.7,1.89,1.8,1.79,1.66,1.63,1.4,2.17
2025-04-14T10:30:00Z,0.0,2.34,0.97,1.2,2.37,1.62,1.75,1.85,1.85,0.86,1.7,1.88,1.8,1.79,1.66,1.63,1.41,2.17
2025-04-14T10:45:00Z,0.0,2.35,0.97,1.2,2.36,1.62,1.77,1.85,1.85,0.86,1.7,1.88,1.8,1.79,1.66,1.64,1.4,2.17
2025-04-14T11:00:00Z,0.0,2.34,0.97,1.2,2.36,1.63,1.77,1.85,1.85,0.86,1.7,1.88,1.8,1.78,1.66,1.64,1.4,2.16
2025-04-14T11:15:00Z,0.0,2.33,0.97,1.2,2.36,1.64,1.76,1.85,1.85,0.86,1.7,1.88,1.8,1.78,1.66,1.64,1.41,2.16
2025-04-14T11:30:00Z,0.0,2.34,0.97,1.2,2.35,1.64,1.77,1.85,1.85,0.86,1.7,1.89,1.81,1.78,1.66,1.65,1.41,2.16
2025-04-14T11:45:00Z,0.0,2.32,0.97,1.2,2.35,1.65,1.77,1.85,1.85,0.86,1.7,1.89,1.81,1.78,1.66,1.65,1.4,2.16
2025-04-14T12:00:00Z,0.0,2.32,0.97,1.2,2.36,1.65,1.77,1.85,1.85,0.86,1.7,1.89,1.81,1.78,1.67,1.65,1.41,2.16
2025-04-14T12:15:00Z,0.0,2.33,0.97,1.2,2.36,1.65,1.76,1.85,1.85,0.86,1.7,1.89,1.81,1.78,1.67,1.65,1.4,2.16
2025-04-14T12:30:00Z,0.0,2.33,0.97,1.2,2.36,1.65,1.76,1.85,1.85,0.85,1.7,1.89,1.81,1.78,1.67,1.65,1.4,2.16
2025-04-14T12:45:00Z,0.0,2.35,0.97,1.2,2.37,1.65,1.76,1.85,1.84,0.86,1.7,1.89,1.81,1.78,1.67,1.65,1.41,2.15
2025-04-14T13:00:00Z,0.0,2.33,0.97,1.2,2.38,1.65,1.77,1.85,1.85,0.85,1.7,1.89,1.81,1.78,1.67,1.65,1.41,2.15
2025-04-14T13:15:00Z,0.0,2.34,0.97,1.2,2.37,1.64,1.76,1.85,1.85,0.86,1.7,1.89,1.81,1.78,1.67,1.65,1.41,2.15
2025-04-14T13:30:00Z,0.0,2.33,0.97,1.19,2.4,1.63,1.76,1.85,1.85,0.85,1.7,1.89,1.81,1.78,1.67,1.65,1.41,2.15
2025-04-14T13:45:00Z,0.0,2.31,0.98,1.19,2.37,1.62,1.76,1.85,1.85,0.85,1.7,1.9,1.81,1.78,1.67,1.65,1.4,2.15
2025-04-14T14:00:00Z,0.0,2.35,0.97,1.19,2.38,1.61,1.76,1.85,1.85,0.86,1.7,1.9,1.81,1.78,1.67,1.65,1.41,2.15
2025-04-14T14:15:00Z,0.0,2.33,0.97,1.19,2.37,1.61,1.76,1.85,1.85,0.86,1.7,1.9,1.81,1.78,1.67,1.65,1.42,2.15
2025-04-14T14:30:00Z,0.0,2.32,0.97,1.19,2.37,1.61,1.76,1.85,1.85,0.87,1.7,1.9,1.81,1.78,1.67,1.66,1.41,2.15
2025-04-14T14:45:00Z,0.0,2.32,0.97,1.19,2.37,1.61,1.75,1.85,1.85,0.87,1.71,1.9,1.81,1.78,1.67,1.66,1.4,2.14
2025-04-14T15:00:00Z,0.0,2.35,0.97,1.19,2.36,1.61,1.76,1.85,1.85,0.87,1.71,1.9,1.81,1.78,1.68,1.65,1.4,2.14
2025-04-14T15:15:00Z,0.0,2.34,0.96,1.19,2.37,1.63,1.75,1.85,1.85,0.89,1.72,1.9,1.81,1.79,1.67,1.65,1.39,2.14
2025-04-14T15:30:00Z,0.0,2.33,0.96,1.18,2.36,1.63,1.75,1.85,1.86,0.89,1.72,1.9,1.81,1.79,1.68,1.66,1.4,2.14
2025-04-14T15:45:00Z,0.0,2.33,0.96,1.18,2.35,1.63,1.75,1.85,1.86,0.9,1.73,1.9,1.82,1.79,1.68,1.66,1.41,2.14
2025-04-14T16:00:00Z,0.0,2.31,0.96,1.18,2.35,1.64,1.75,1.86,1.87,0.91,1.74,1.9,1.82,1.79,1.68,1.66,1.41,2.14
2025-04-14T16:15:00Z,0.0,2.33,0.96,1.18,2.35,1.64,1.75,1.86,1.87,0.91,1.74,1.9,1.82,1.79,1.68,1.66,1.41,2.14
2025-04-14T16:30:00Z,0.0,2.32,0.95,1.18,2.35,1.64,1.76,1.86,1.87,0.92,1.75,1.9,1.82,1.79,1.68,1.66,1.4,2.14
2025-04-14T16:45:00Z,0.0,2.33,0.95,1.18,2.36,1.64,1.76,1.86,1.88,0.92,1.75,1.9,1.82,1.79,1.68,1.66,1.4,2.14
2025-04-14T17:00:00Z,0.0,2.34,0.96,1.18,2.35,1.64,1.76,1.87,1.88,0.92,1.75,1.91,1.82,1.79,1.68,1.66,1.41,2.14
2025-04-14T17:15:00Z,0.0,2.32,0.96,1.17,2.37,1.64,1.77,1.87,1.88,0.93,1.76,1.91,1.82,1.79,1.68,1.66,1.39,2.14
2025-04-14T17:30:00Z,0.0,2.34,0.96,1.17,2.37,1.63,1.77,1.87,1.88,0.93,1.76,1.91,1.82,1.79,1.68,1.66,1.4,2.14
2025-04-14T17:45:00Z,0.0,2.34,0.96,1.17,2.39,1.62,1.78,1.88,1.89,0.93,1.77,1.91,1.82,1.79,1.68,1.66,1.41,2.14
2025-04-14T18:00:00Z,0.0,2.35,0.96,1.17,2.37,1.62,1.78,1.88,1.89,0.94,1.77,1.91,1.82,1.79,1.68,1.66,1.4,2.14
2025-04-14T18:15:00Z,0.0,2.33,0.96,1.17,2.37,1.63,1.78,1.88,1.89,0.94,1.77,1.91,1.82,1.79,1.68,1.66,1.4,2.14
2025-04-14T18:30:00Z,0.0,2.33,0.96,1.17,2.36,1.63,1.78,1.88,1.89,0.93,1.78,1.91,1.82,1.79,1.68,1.66,1.4,2.14
2025-04-14T18:45:00Z,0.0,2.32,0.96,1.17,2.36,1.63,1.79,1.88,1.89,0.93,1.77,1.91,1.82,1.79,1.68,1.66,1.41,2.14
2025-04-14T19:00:00Z,0.0,2.32,0.96,1.17,2.36,1.64,1.79,1.88,1.89,0.93,1.77,1.91,1.82,1.79,1.68,1.65,1.39,2.14
2025-04-14T19:15:00Z,0.0,2.32,0.96,1.17,2.36,1.65,1.79,1.88,1.89,0.92,1.77,1.91,1.82,1.79,1.68,1.65,1.4,2.14
2025-04-14T19:30:00Z,0.0,2.34,0.96,1.17,2.37,1.65,1.8,1.88,1.89,0.92,1.77,1.91,1.82,1.79,1.68,1.66,1.39,2.15
2025-04-14T19:45:00Z,0.0,2.33,0.96,1.18,2.38,1.65,1.8,1.88,1.89,0.92,1.76,1.91,1.82,1.79,1.68,1.65,1.4,2.15
2025-04-14T20:00:00Z,0.0,2.34,0.96,1.18,2.38,1.64,1.8,1.88,1.89,0.91,1.76,1.91,1.82,1.79,1.68,1.65,1.4,2.15
2025-04-14T20:15:00Z,0.0,2.33,0.97,1.18,2.39,1.64,1.8,1.88,1.88,0.91,1.75,1.91,1.82,1.79,1.68,1.65,1.39,2.15
2025-04-14T20:30:00Z,0.0,2.33,0.97,1.18,2.4,1.63,1.81,1.88,1.88,0.9,1.75,1.91,1.82,1.79,1.68,1.65,1.39,2.15
2025-04-14T20:45:00Z,0.0,2.33,0.97,1.18,2.39,1.62,1.81,1.88,1.88,0.9,1.75,1.91,1.82,1.79,1.68,1.65,1.4,2.15
2025-04-14T21:00:00Z,0.0,2.32,0.97,1.19,2.38,1.62,1.81,1.88,1.88,0.9,1.74,1.91,1.82,1.79,1.68,1.65,1.4,2.15
2025-04-14T21:15:00Z,0.0,2.33,0.97,1.19,2.38,1.62,1.81,1.88,1.87,0.89,1.74,1.91,1.82,1.79,1.68,1.65,1.39,2.16
2025-04-14T21:30:00Z,0.0,2.32,0.97,1.19,2.37,1.63,1.8,1.88,1.87,0.89,1.74,1.91,1.82,1.79,1.68,1.65,1.39,2.16
2025-04-14T21:45:00Z,0.0,2.32,0.97,1.2,2.37,1.63,1.81,1.88,1.87,0.89,1.74,1.91,1.82,1.79,1.68,1.65,1.39,2.16
2025-04-14T22:00:00Z,0.0,2.33,0.97,1.2,2.36,1.64,1.8,1.87,1.87,0.89,1.74,1.91,1.82,1.79,1.68,1.65,1.41,2.16
2025-04-14T22:15:00Z,0.1,2.32,0.97,1.2,2.36,1.66,1.8,1.87,1.87,0.89,1.74,1.92,1.82,1.79,1.68,1.65,1.39,2.16
2025-04-14T22:30:00Z,0.0,2.33,0.98,1.2,2.37,1.65,1.8,1.87,1.87,0.89,1.74,1.92,1.82,1.79,1.68,1.65,1.39,2.16
2025-04-14T22:45:00Z,0.0,2.33,0.98,1.21,2.37,1.65,1.8,1.87,1.87,0.88,1.74,1.92,1.82,1.79,1.68,1.65,1.39,2.17
2025-04-14T23:00:00Z,0.0,2.33,0.98,1.21,2.37,1.65,1.8,1.87,1.87,0.88,1.73,1.92,1.82,1.79,1.68,1.65,1.39,2.17
2025-04-14T23:15:00Z,0.0,2.34,0.98,1.21,2.38,1.65,1.8,1.87,1.87,0.88,1.73,1.92,1.82,1.79,1.67,1.65,1.39,2.17
2025-04-14T23:30:00Z,0.0,2.32,0.98,1.21,2.39,1.65,1.8,1.87,1.86,0.88,1.73,1.92,1.82,1.79,1.67,1.65,1.39,2.17
2025-04-14T23:45:00Z,0.1,2.33,0.99,1.21,2.39,1.64,1.79,1.87,1.86,0.88,1.73,1.92,1.82,1.79,1.67,1.65,1.41,2.17
2025-04-15T00:00:00Z,0.0,2.33,0.99,1.22,2.39,1.63,1.79,1.86,1.86,0.88,1.73,1.92,1.82,1.79,1.67,1.65,1.4,2.17
2025-04-15T00:15:00Z,0.0,2.34,0.99,1.22,2.38,1.62,1.79,1.86,1.86,0.88,1.73,1.92,1.82,1.79,1.67,1.65,1.39,2.17
2025-04-15T00:30:00Z,0.1,2.33,0.99,1.22,2.38,1.63,1.79,1.86,1.86,0.88,1.73,1.92,1.82,1.79,1.67,1.65,1.4,2.17
2025-04-15T00:45:00Z,0.1,2.33,0.99,1.22,2.38,1.63,1.79,1.86,1.86,0.88,1.73,1.92,1.82,1.79,1.67,1.64,1.39,2.17
2025-04-15T01:00:00Z,0.0,2.32,0.99,1.22,2.37,1.63,1.78,1.86,1.86,0.88,1.73,1.92,1.82,1.79,1.67,1.65,1.4,2.17
2025-04-15T01:15:00Z,0.0,2.32,0.99,1.22,2.37,1.64,1.78,1.86,1.86,0.88,1.73,1.92,1.82,1.79,1.67,1.65,1.4,2.17
2025-04-15T01:30:00Z,0.0,2.31,0.98,1.22,2.37,1.64,1.78,1.86,1.86,0.88,1.73,1.92,1.82,1.79,1.67,1.65,1.4,2.17
2025-04-15T01:45:00Z,0.0,2.32,0.98,1.22,2.36,1.65,1.78,1.86,1.86,0.88,1.72,1.92,1.82,1.79,1.67,1.65,1.39,2.17
2025-04-15T02:00:00Z,0.0,2.33,0.98,1.22,2.37,1.65,1.78,1.86,1.86,0.88,1.73,1.92,1.82,1.79,1.67,1.65,1.41,2.17
2025-04-15T02:15:00Z,0.1,2.31,0.98,1.22,2.37,1.65,1.78,1.86,1.86,0.88,1.73,1.92,1.82,1.79,1.67,1.65,1.41,2.17
2025-04-15T02:30:00Z,0.1,2.32,0.98,1.22,2.38,1.65,1.78,1.86,1.86,0.88,1.73,1.92,1.82,1.79,1.67,1.65,1.4,2.17
2025-04-15T02:45:00Z,0.0,2.34,0.99,1.22,2.38,1.63,1.78,1.86,1.86,0.88,1.73,1.92,1.82,1.79,1.67,1.65,1.4,2.17
2025-04-15T03:00:00Z,0.1,2.34,0.99,1.22,2.39,1.63,1.78,1.86,1.86,0.88,1.73,1.92,1.82,1.79,1.67,1.65,1.4,2.17
2025-04-15T03:15:00Z,0.0,2.33,0.99,1.21,2.38,1.62,1.77,1.86,1.86,0.88,1.73,1.92,1.82,1.79,1.67,1.65,1.4,2.17
2025-04-15T03:30:00Z,0.1,2.34,0.99,1.21,2.38,1.61,1.77,1.86,1.86,0.88,1.73,1.92,1.82,1.79,1.67,1.65,1.39,2.17
2025-04-15T03:45:00Z,0.1,2.33,0.98,1.21,2.38,1.61,1.77,1.86,1.86,0.88,1.72,1.92,1.82,1.79,1.67,1.65,1.41,2.17
2025-04-15T04:00:00Z,0.1,2.31,0.98,1.21,2.37,1.62,1.77,1.86,1.86,0.88,1.72,1.92,1.82,1.79,1.67,1.65,1.4,2.17
2025-04-15T04:15:00Z,0.2,2.32,0.98,1.21,2.37,1.63,1.77,1.86,1.86,0.88,1.73,1.92,1.82,1.79,1.67,1.65,1.41,2.17
2025-04-15T04:30:00Z,0.0,2.33,0.98,1.21,2.37,1.63,1.77,1.86,1.86,0.88,1.73,1.92,1.82,1.79,1.67,1.65,1.41,2.17
2025-04-15T04:45:00Z,0.1,2.32,0.98,1.21,2.36,1.63,1.77,1.86,1.86,0.88,1.73,1.92,1.82,1.79,1.67,1.65,1.4,2.17
2025-04-15T05:00:00Z,0.0,2.33,0.97,1.21,2.36,1.64,1.77,1.86,1.86,0.88,1.73,1.92,1.82,1.79,1.67,1.65,1.41,2.17
2025-04-15T05:15:00Z,0.0,2.33,0.97,1.21,2.37,1.64,1.77,1.86,1.86,0.88,1.73,1.92,1.82,1.79,1.68,1.66,1.41,2.17
2025-04-15T05:30:00Z,0.0,2.33,0.97,1.21,2.37,1.64,1.77,1.86,1.86,0.88,1.73,1.92,1.82,1.79,1.67,1.65,1.4,2.17
2025-04-15T05:45:00Z,0.0,2.34,0.97,1.2,2.38,1.64,1.77,1.86,1.86,0.88,1.72,1.92,1.82,1.79,1.67,1.66,1.4,2.17
2025-04-15T06:00:00Z,0.0,2.33,0.97,1.2,2.38,1.63,1.77,1.86,1.86,0.88,1.73,1.92,1.82,1.79,1.67,1.66,1.41,2.17
2025-04-15T06:15:00Z,0.0,2.34,0.98,1.2,2.38,1.62,1.77,1.86,1.86,0.87,1.72,1.92,1.82,1.79,1.67,1.66,1.4,2.18
2025-04-15T06:30:00Z,0.0,2.33,0.98,1.2,2.39,1.61,1.77,1.86,1.86,0.88,1.72,1.92,1.82,1.79,1.68,1.66,1.4,2.18
2025-04-15T06:45:00Z,0.0,2.33,0.98,1.2,2.38,1.61,1.77,1.86,1.86,0.88,1.73,1.92,1.82,1.79,1.68,1.66,1.4,2.18
2025-04-15T07:00:00Z,0.0,2.32,0.98,1.2,2.38,1.61,1.77,1.86,1.86,0.87,1.72,1.92,1.82,1.79,1.68,1.66,1.4,2.18
2025-04-15T07:15:00Z,0.0,2.33,0.97,1.2,2.37,1.61,1.76,1.86,1.86,0.87,1.72,1.92,1.82,1.79,1.68,1.66,1.41,2.18
2025-04-15T07:30:00Z,0.0,2.32,0.97,1.2,2.36,1.62,1.76,1.86,1.86,0.87,1.72,1.92,1.82,1.79,1.68,1.66,1.4,2.18
2025-04-15T07:45:00Z,0.0,2.33,0.97,1.2,2.36,1.62,1.76,1.86,1.86,0.87,1.72,1.92,1.82,1.79,1.68,1.66,1.42,2.18
2025-04-15T08:00:00Z,0.0,2.33,0.97,1.2,2.36,1.63,1.76,1.86,1.86,0.87,1.73,1.92,1.82,1.79,1.68,1.66,1.41,2.18
2025-04-15T08:15:00Z,0.0,2.34,0.97,1.2,2.36,1.63,1.76,1.86,1.86,0.87,1.72,1.92,1.82,1.79,1.68,1.66,1.41,2.18
2025-04-15T08:30:00Z,0.0,2.33,0.96,1.19,2.35,1.64,1.76,1.86,1.86,0.87,1.72,1.92,1.82,1.79,1.68,1.68,1.4,2.18
2025-04-15T08:45:00Z,0.0,2.33,0.97,1.19,2.39,1.64,1.76,1.86,1.86,0.87,1.72,1.92,1.82,1.79,1.68,1.66,1.39,2.17
2025-04-15T09:00:00Z,0.0,2.32,0.97,1.19,2.35,1.64,1.76,1.86,1.86,0.87,1.72,1.92,1.82,1.79,1.68,1.66,1.4,2.17
2025-04-15T09:15:00Z,0.0,2.31,0.97,1.19,2.36,1.64,1.76,1.86,1.86,0.87,1.72,1.92,1.82,1.79,1.68,1.66,1.4,2.17
2025-04-15T09:30:00Z,0.0,2.33,0.97,1.19,2.35,1.64,1.76,1.86,1.86,0.87,1.73,1.92,1.82,1.79,1.68,1.66,1.41,2.17
2025-04-15T09:45:00Z,0.0,2.33,0.97,1.19,2.36,1.65,1.77,1.86,1.86,0.87,1.72,1.92,1.82,1.79,1.68,1.66,1.43,2.17
2025-04-15T10:00:00Z,0.0,2.33,0.97,1.19,2.36,1.65,1.76,1.86,1.86,0.87,1.72,1.92,1.82,1.79,1.68,1.7,1.41,2.17
2025-04-15T10:15:00Z,0.0,2.31,0.97,1.19,2.35,1.65,1.76,1.86,1.86,0.87,1.72,1.92,1.82,1.79,1.68,1.65,1.4,2.17
2025-04-15T10:30:00Z,0.0,2.33,0.97,1.19,2.35,1.65,1.76,1.86,1.86,0.87,1.72,1.92,1.83,1.79,1.68,1.66,1.41,2.17
2025-04-15T10:45:00Z,0.0,2.33,0.97,1.19,2.35,1.65,1.77,1.86,1.85,0.87,1.72,1.92,1.82,1.79,1.68,1.66,1.41,2.17
2025-04-15T11:00:00Z,0.0,2.35,0.97,1.19,2.35,1.65,1.76,1.86,1.86,0.87,1.72,1.92,1.83,1.8,1.68,1.67,1.4,2.17
2025-04-15T11:15:00Z,0.0,2.34,0.97,1.19,2.36,1.65,1.77,1.86,1.86,0.87,1.72,1.92,1.83,1.79,1.68,1.66,1.41,2.17
2025-04-15T11:30:00Z,0.0,2.31,0.97,1.19,2.35,1.66,1.77,1.86,1.86,0.87,1.72,1.92,1.83,1.8,1.69,1.67,1.4,2.17
2025-04-15T11:45:00Z,0.0,2.33,0.97,1.19,2.35,1.66,1.76,1.86,1.86,0.87,1.72,1.92,1.83,1.8,1.69,1.67,1.41,2.16
2025-04-15T12:00:00Z,0.0,2.33,0.97,1.19,2.36,1.66,1.76,1.86,1.86,0.87,1.72,1.92,1.83,1.8,1.68,1.67,1.41,2.16
2025-04-15T12:15:00Z,0.0,2.33,0.97,1.19,2.37,1.66,1.76,1.86,1.86,0.87,1.72,1.93,1.83,1.8,1.68,1.67,1.4,2.16
2025-04-15T12:30:00Z,0.0,2.34,0.97,1.19,2.36,1.66,1.77,1.86,1.86,0.87,1.72,1.92,1.82,1.8,1.68,1.67,1.4,2.16
2025-04-15T12:45:00Z,0.0,2.34,0.97,1.19,2.36,1.66,1.77,1.86,1.86,0.87,1.72,1.92,1.82,1.8,1.68,1.67,1.4,2.16
2025-04-15T13:00:00Z,0.0,2.33,0.97,1.19,2.36,1.66,1.77,1.86,1.86,0.87,1.72,1.92,1.83,1.8,1.68,1.67,1.4,2.16
2025-04-15T13:15:00Z,0.0,2.34,0.97,1.19,2.36,1.66,1.77,1.86,1.86,0.87,1.72,1.92,1.83,1.8,1.69,1.67,1.41,2.15
2025-04-15T13:30:00Z,0.0,2.32,0.98,1.19,2.36,1.67,1.77,1.86,1.86,0.87,1.72,1.92,1.83,1.79,1.68,1.66,1.4,2.15
2025-04-15T13:45:00Z,0.0,2.34,0.98,1.19,2.36,1.67,1.77,1.86,1.86,0.87,1.72,1.92,1.83,1.8,1.68,1.66,1.41,2.15
2025-04-15T14:00:00Z,0.0,2.33,0.98,1.19,2.36,1.66,1.76,1.86,1.86,0.87,1.72,1.92,1.83,1.8,1.68,1.67,1.41,2.15
2025-04-15T14:15:00Z,0.0,2.33,0.98,1.19,2.36,1.66,1.76,1.86,1.86,0.88,1.73,1.93,1.83,1.8,1.69,1.67,1.41,2.15
2025-04-15T14:30:00Z,0.0,2.32,0.98,1.19,2.36,1.67,1.76,1.86,1.86,0.88,1.73,1.93,1.83,1.8,1.68,1.66,1.41,2.15
2025-04-15T14:45:00Z,0.0,2.32,0.98,1.19,2.36,1.67,1.76,1.86,1.86,0.89,1.73,1.93,1.83,1.8,1.68,1.66,1.41,2.15
2025-04-15T15:00:00Z,0.0,2.34,0.98,1.19,2.36,1.67,1.77,1.86,1.86,0.89,1.73,1.93,1.83,1.8,1.68,1.67,1.41,2.15
2025-04-15T15:15:00Z,0.0,2.33,0.98,1.19,2.36,1.67,1.77,1.87,1.87,0.89,1.74,1.93,1.83,1.8,1.68,1.66,1.41,2.15
2025-04-15T15:30:00Z,0.0,2.32,0.98,1.19,2.36,1.67,1.77,1.86,1.87,0.9,1.74,1.93,1.83,1.8,1.69,1.66,1.4,2.15
2025-04-15T15:45:00Z,0.0,2.33,0.98,1.19,2.36,1.67,1.77,1.86,1.87,0.9,1.74,1.93,1.83,1.8,1.69,1.66,1.4,2.14
2025-04-15T16:00:00Z,0.0,2.34,0.98,1.19,2.37,1.67,1.77,1.86,1.87,0.91,1.75,1.93,1.83,1.8,1.69,1.66,1.41,2.14
2025-04-15T16:15:00Z,0.0,2.33,0.98,1.19,2.36,1.67,1.77,1.86,1.87,0.91,1.75,1.93,1.83,1.8,1.69,1.66,1.41,2.14
2025-04-15T16:30:00Z,0.0,2.31,0.98,1.19,2.37,1.67,1.78,1.87,1.88,0.92,1.76,1.93,1.83,1.8,1.69,1.66,1.41,2.14
2025-04-15T16:45:00Z,0.0,2.33,0.98,1.19,2.36,1.67,1.78,1.87,1.88,0.92,1.76,1.93,1.83,1.8,1.69,1.66,1.39,2.14
2025-04-15T17:00:00Z,0.3,2.33,0.98,1.19,2.36,1.67,1.78,1.87,1.88,0.93,1.77,1.93,1.83,1.8,1.69,1.66,1.4,2.14
2025-04-15T17:15:00Z,0.0,2.34,0.98,1.19,2.37,1.67,1.78,1.87,1.89,0.94,1.77,1.93,1.83,1.8,1.69,1.66,1.39,2.14
2025-04-15T17:30:00Z,0.0,2.34,0.98,1.19,2.36,1.68,1.79,1.87,1.89,0.94,1.78,1.93,1.83,1.8,1.69,1.66,1.4,2.14
2025-04-15T17:45:00Z,0.0,2.34,0.98,1.19,2.37,1.67,1.79,1.88,1.89,0.94,1.78,1.93,1.83,1.8,1.69,1.66,1.39,2.14
2025-04-15T18:00:00Z,0.0,2.32,0.98,1.19,2.37,1.68,1.79,1.88,1.9,0.94,1.78,1.93,1.83,1.8,1.69,1.66,1.4,2.14
2025-04-15T18:15:00Z,0.0,2.33,0.98,1.19,2.37,1.68,1.8,1.88,1.9,0.94,1.79,1.93,1.83,1.8,1.69,1.66,1.41,2.14
2025-04-15T18:30:00Z,0.0,2.32,0.98,1.19,2.37,1.67,1.8,1.89,1.9,0.94,1.79,1.93,1.83,1.8,1.69,1.66,1.4,2.15
2025-04-15T18:45:00Z,0.0,2.34,0.98,1.19,2.37,1.68,1.8,1.89,1.9,0.94,1.79,1.93,1.83,1.8,1.69,1.66,1.4,2.15
2025-04-15T19:00:00Z,0.0,2.33,0.98,1.19,2.37,1.68,1.81,1.89,1.9,0.94,1.79,1.93,1.83,1.8,1.69,1.66,1.4,2.15
2025-04-15T19:15:00Z,0.0,2.33,0.99,1.19,2.37,1.68,1.81,1.89,1.9,0.93,1.78,1.93,1.83,1.8,1.69,1.66,1.4,2.15
2025-04-15T19:30:00Z,0.0,2.33,0.99,1.19,2.38,1.68,1.82,1.89,1.9,0.93,1.78,1.93,1.83,1.8,1.68,1.66,1.38,2.15
2025-04-15T19:45:00Z,0.0,2.32,0.99,1.19,2.37,1.69,1.82,1.89,1.89,0.92,1.77,1.93,1.83,1.8,1.69,1.66,1.41,2.15
2025-04-15T20:00:00Z,0.0,2.33,0.99,1.19,2.37,1.69,1.82,1.89,1.89,0.92,1.77,1.93,1.83,1.8,1.68,1.66,1.4,2.15
2025-04-15T20:15:00Z,0.0,2.32,0.99,1.19,2.37,1.69,1.82,1.89,1.89,0.92,1.76,1.93,1.83,1.8,1.68,1.66,1.4,2.15
2025-04-15T20:30:00Z,0.0,2.32,0.99,1.2,2.37,1.69,1.83,1.89,1.89,0.91,1.76,1.94,1.83,1.8,1.68,1.66,1.4,2.16
2025-04-15T20:45:00Z,0.0,2.33,0.99,1.2,2.37,1.69,1.83,1.89,1.89,0.91,1.76,1.94,1.83,1.8,1.68,1.66,1.39,2.16
2025-04-15T21:00:00Z,0.0,2.33,1.0,1.2,2.38,1.69,1.83,1.88,1.88,0.91,1.76,1.94,1.83,1.8,1.68,1.66,1.41,2.16
2025-04-15T21:15:00Z,0.0,2.33,1.0,1.2,2.37,1.69,1.83,1.88,1.88,0.9,1.76,1.94,1.83,1.8,1.68,1.66,1.4,2.16
2025-04-15T21:30:00Z,0.0,2.35,1.0,1.21,2.37,1.69,1.83,1.88,1.88,0.9,1.75,1.94,1.83,1.8,1.68,1.66,1.4,2.16
2025-04-15T21:45:00Z,0.0,2.33,1.01,1.21,2.38,1.7,1.83,1.88,1.88,0.9,1.75,1.94,1.83,1.8,1.68,1.66,1.4,2.17
2025-04-15T22:00:00Z,0.0,2.34,1.01,1.21,2.38,1.7,1.83,1.88,1.88,0.9,1.75,1.94,1.83,1.8,1.68,1.66,1.4,2.17
2025-04-15T22:15:00Z,0.0,2.34,1.01,1.21,2.4,1.7,1.83,1.88,1.87,0.9,1.74,1.94,1.83,1.8,1.68,1.66,1.41,2.17
2025-04-15T22:30:00Z,0.0,2.33,1.01,1.22,2.41,1.69,1.83,1.88,1.88,0.89,1.74,1.94,1.83,1.8,1.68,1.66,1.4,2.17
2025-04-15T22:45:00Z,0.0,2.34,1.01,1.22,2.41,1.67,1.82,1.88,1.87,0.9,1.74,1.94,1.83,1.8,1.68,1.66,1.39,2.17
2025-04-15T23:00:00Z,0.0,2.33,1.01,1.22,2.41,1.67,1.83,1.88,1.87,0.89,1.75,1.94,1.83,1.8,1.68,1.66,1.39,2.17
2025-04-15T23:15:00Z,0.0,2.34,1.01,1.22,2.41,1.66,1.82,1.88,1.87,0.89,1.74,1.94,1.83,1.8,1.68,1.66,1.4,2.17
2025-04-15T23:30:00Z,0.0,2.34,1.01,1.23,2.41,1.65,1.82,1.87,1.87,0.89,1.74,1.94,1.83,1.8,1.68,1.66,1.4,2.17
2025-04-15T23:45:00Z,0.0,2.32,1.01,1.23,2.4,1.64,1.81,1.87,1.87,0.89,1.74,1.94,1.83,1.8,1.68,1.66,1.39,2.18
2025-04-16T00:00:00Z,0.0,2.33,1.01,1.23,2.4,1.63,1.82,1.87,1.87,0.89,1.74,1.94,1.83,1.8,1.68,1.66,1.4,2.18
2025-04-16T00:15:00Z,0.0,2.33,1.01,1.23,2.4,1.63,1.81,1.87,1.87,0.89,1.74,1.94,1.83,1.8,1.68,1.66,1.4,2.18
2025-04-16T00:30:00Z,0.0,2.33,1.01,1.23,2.39,1.63,1.81,1.87,1.87,0.89,1.74,1.94,1.83,1.8,1.68,1.66,1.41,2.18
2025-04-16T00:45:00Z,0.0,2.34,1.0,1.23,2.39,1.64,1.81,1.87,1.87,0.89,1.74,1.94,1.83,1.8,1.68,1.66,1.41,2.18
2025-04-16T01:00:00Z,0.0,2.33,1.0,1.23,2.38,1.64,1.8,1.87,1.87,0.89,1.73,1.94,1.83,1.8,1.68,1.66,1.41,2.19
2025-04-16T01:15:00Z,0.0,2.33,1.0,1.23,2.37,1.65,1.81,1.87,1.87,0.89,1.73,1.94,1.83,1.8,1.68,1.66,1.39,2.19
2025-04-16T01:30:00Z,0.0,2.34,1.0,1.23,2.38,1.65,1.8,1.87,1.86,0.89,1.73,1.94,1.83,1.8,1.68,1.66,1.41,2.19
2025-04-16T01:45:00Z,0.0,2.33,1.0,1.23,2.38,1.65,1.8,1.87,1.86,0.89,1.74,1.94,1.83,1.79,1.68,1.66,1.4,2.2
2025-04-16T02:00:00Z,0.0,2.32,1.0,1.23,2.37,1.66,1.8,1.86,1.86,0.89,1.73,1.94,1.83,1.8,1.68,1.66,1.41,2.2
2025-04-16T02:15:00Z,0.0,2.33,1.0,1.23,2.38,1.66,1.8,1.87,1.86,0.89,1.72,1.94,1.83,1.8,1.68,1.66,1.41,2.21
2025-04-16T02:30:00Z,0.0,2.33,1.0,1.23,2.37,1.66,1.8,1.86,1.86,0.88,1.73,1.94,1.83,1.79,1.68,1.66,1.42,2.21
2025-04-16T02:45:00Z,0.0,2.33,1.0,1.23,2.39,1.65,1.8,1.86,1.87,0.88,1.73,1.94,1.83,1.79,1.68,1.66,1.4,2.21
2025-04-16T03:00:00Z,0.0,2.35,1.0,1.23,2.4,1.65,1.8,1.86,1.86,0.88,1.73,1.94,1.83,1.8,1.68,1.66,1.43,2.22
2025-04-16T03:15:00Z,0.0,2.33,1.0,1.23,2.4,1.64,1.8,1.86,1.86,0.88,1.73,1.94,1.83,1.8,1.68,1.67,1.42,2.22
2025-04-16T03:30:00Z,0.0,2.33,1.0,1.23,2.38,1.63,1.8,1.86,1.86,0.88,1.74,1.94,1.83,1.8,1.68,1.66,1.4,2.23
2025-04-16T03:45:00Z,0.0,2.34,1.0,1.23,2.39,1.63,1.8,1.86,1.86,0.88,1.73,1.94,1.83,1.8,1.68,1.66,1.41,2.23
2025-04-16T04:00:00Z,0.0,2.33,1.0,1.22,2.38,1.63,1.79,1.86,1.86,0.88,1.73,1.94,1.83,1.8,1.68,1.67,1.42,2.23
2025-04-16T04:15:00Z,0.0,2.33,0.99,1.22,2.38,1.63,1.79,1.86,1.85,0.88,1.73,1.94,1.83,1.8,1.68,1.66,1.42,2.24
2025-04-16T04:30:00Z,0.0,2.34,0.99,1.22,2.37,1.64,1.79,1.87,1.86,0.89,1.72,1.94,1.83,1.8,1.68,1.67,1.41,2.24
2025-04-16T04:45:00Z,0.0,2.33,0.99,1.22,2.35,1.64,1.79,1.86,1.86,0.88,1.72,1.94,1.83,1.79,1.68,1.67,1.42,2.24
2025-04-16T05:00:00Z,0.0,2.33,0.99,1.22,2.36,1.65,1.79,1.86,1.86,0.88,1.72,1.94,1.83,1.8,1.68,1.67,1.42,2.24
2025-04-16T05:15:00Z,0.0,2.33,0.99,1.22,2.36,1.65,1.79,1.86,1.86,0.88,1.72,1.94,1.83,1.8,1.68,1.67,1.41,2.24
2025-04-16T05:30:00Z,0.0,2.33,0.99,1.22,2.36,1.65,1.79,1.86,1.86,0.88,1.72,1.94,1.83,1.8,1.68,1.67,1.42,2.24
2025-04-16T05:45:00Z,0.0,2.33,0.98,1.21,2.37,1.66,1.79,1.86,1.86,0.88,1.72,1.94,1.83,1.8,1.68,1.67,1.42,2.24
2025-04-16T06:00:00Z,0.0,2.35,0.99,1.21,2.37,1.65,1.79,1.86,1.85,0.88,1.72,1.94,1.83,1.8,1.68,1.67,1.43,2.25
2025-04-16T06:15:00Z,0.0,2.33,0.99,1.21,2.39,1.65,1.79,1.86,1.86,0.88,1.72,1.94,1.83,1.8,1.68,1.68,1.42,2.24
2025-04-16T06:30:00Z,0.0,2.33,0.99,1.21,2.38,1.64,1.79,1.86,1.85,0.88,1.72,1.94,1.83,1.79,1.68,1.68,1.43,2.24
2025-04-16T06:45:00Z,0.0,2.31,0.99,1.21,2.39,1.63,1.79,1.85,1.86,0.88,1.72,1.93,1.83,1.79,1.68,1.68,1.42,2.24
2025-04-16T07:00:00Z,0.0,2.33,0.99,1.21,2.39,1.62,1.79,1.85,1.86,0.88,1.72,1.94,1.83,1.79,1.68,1.68,1.43,2.24
2025-04-16T07:15:00Z,0.0,2.33,0.99,1.21,2.41,1.61,1.79,1.85,1.86,0.88,1.72,1.94,1.83,1.79,1.68,1.68,1.44,2.24
2025-04-16T07:30:00Z,0.0,2.33,0.99,1.21,2.37,1.62,1.78,1.85,1.86,0.88,1.72,1.94,1.83,1.79,1.68,1.68,1.44,2.24
2025-04-16T07:45:00Z,0.0,2.33,0.98,1.21,2.36,1.62,1.79,1.85,1.86,0.88,1.72,1.94,1.83,1.8,1.68,1.68,1.43,2.24
2025-04-16T08:00:00Z,0.0,2.33,0.98,1.21,2.35,1.62,1.8,1.84,1.86,0.88,1.72,1.93,1.83,1.79,1.68,1.68,1.43,2.24
2025-04-16T08:15:00Z,0.0,2.33,0.98,1.21,2.35,1.63,1.79,1.85,1.85,0.88,1.72,1.93,1.83,1.79,1.69,1.68,1.44,2.24
2025-04-16T08:30:00Z,0.0,2.33,0.98,1.21,2.35,1.63,1.79,1.85,1.85,0.88,1.72,1.93,1.83,1.8,1.69,1.69,1.44,2.23
2025-04-16T08:45:00Z,0.0,2.3,0.98,1.2,2.35,1.64,1.78,1.85,1.86,0.88,1.72,1.93,1.83,1.8,1.69,1.7,1.44,2.23
2025-04-16T09:00:00Z,0.0,2.32,0.98,1.2,2.35,1.64,1.78,1.85,1.86,0.88,1.72,1.93,1.83,1.8,1.69,1.7,1.47,2.23
2025-04-16T09:15:00Z,0.0,2.33,0.98,1.2,2.3,1.65,1.78,1.85,1.86,0.88,1.72,1.93,1.83,1.8,1.69,1.71,1.47,2.23
2025-04-16T09:30:00Z,0.0,2.34,0.98,1.2,2.35,1.65,1.78,1.85,1.85,0.88,1.72,1.93,1.83,1.8,1.69,1.71,1.46,2.22
2025-04-16T09:45:00Z,0.0,2.33,0.98,1.2,2.36,1.65,1.78,1.85,1.86,0.87,1.72,1.93,1.84,1.8,1.69,1.71,1.45,2.22
2025-04-16T10:00:00Z,0.0,2.33,0.98,1.2,2.37,1.64,1.78,1.85,1.85,0.87,1.72,1.93,1.83,1.8,1.7,1.71,1.46,2.22
2025-04-16T10:15:00Z,0.0,2.32,0.98,1.2,2.38,1.63,1.77,1.85,1.86,0.88,1.72,1.93,1.84,1.8,1.7,1.72,1.45,2.21
2025-04-16T10:30:00Z,0.0,2.33,0.98,1.2,2.37,1.62,1.77,1.85,1.85,0.88,1.72,1.93,1.84,1.8,1.7,1.72,1.46,2.21
2025-04-16T10:45:00Z,0.2,2.33,0.98,1.2,2.37,1.61,1.77,1.85,1.86,0.87,1.72,1.93,1.84,1.81,1.71,1.73,1.45,2.21
2025-04-16T11:00:00Z,0.0,2.33,0.98,1.2,2.36,1.61,1.77,1.85,1.86,0.87,1.72,1.94,1.84,1.81,1.71,1.73,1.46,2.21
2025-04-16T11:15:00Z,0.0,2.33,0.98,1.2,2.36,1.62,1.77,1.85,1.86,0.88,1.71,1.94,1.84,1.81,1.71,1.73,1.46,2.2
2025-04-16T11:30:00Z,0.0,2.33,0.97,1.19,2.35,1.62,1.77,1.85,1.86,0.88,1.71,1.94,1.84,1.81,1.71,1.73,1.44,2.2
2025-04-16T11:45:00Z,0.0,2.35,0.97,1.19,2.35,1.63,1.77,1.85,1.85,0.88,1.73,1.94,1.84,1.81,1.71,1.73,1.45,2.2
2025-04-16T12:00:00Z,0.0,2.34,0.97,1.19,2.36,1.64,1.78,1.85,1.86,0.88,1.72,1.94,1.84,1.82,1.72,1.73,1.46,2.19
2025-04-16T12:15:00Z,0.0,2.33,0.97,1.19,2.36,1.64,1.79,1.85,1.86,0.88,1.72,1.94,1.84,1.82,1.72,1.73,1.44,2.19
2025-04-16T12:30:00Z,0.0,2.34,0.97,1.19,2.36,1.64,1.79,1.85,1.86,0.87,1.72,1.94,1.85,1.82,1.72,1.73,1.44,2.19
2025-04-16T12:45:00Z,0.0,2.33,0.97,1.19,2.34,1.64,1.78,1.85,1.86,0.88,1.72,1.94,1.85,1.82,1.72,1.72,1.43,2.19
2025-04-16T13:00:00Z,0.0,2.35,0.97,1.19,2.35,1.65,1.78,1.85,1.86,0.88,1.72,1.94,1.86,1.82,1.72,1.72,1.43,2.18
2025-04-16T13:15:00Z,0.0,2.31,0.97,1.19,2.35,1.64,1.78,1.85,1.86,0.87,1.73,1.94,1.85,1.82,1.72,1.72,1.41,2.18
2025-04-16T13:30:00Z,0.0,2.33,0.97,1.19,2.37,1.65,1.77,1.85,1.84,0.87,1.72,1.94,1.86,1.83,1.72,1.71,1.42,2.18
2025-04-16T13:45:00Z,0.0,2.32,0.97,1.19,2.39,1.65,1.77,1.85,1.86,0.87,1.73,1.94,1.86,1.83,1.72,1.71,1.42,2.18
2025-04-16T14:00:00Z,0.0,2.32,0.97,1.19,2.38,1.63,1.77,1.85,1.86,0.88,1.73,1.95,1.86,1.83,1.72,1.71,1.42,2.17
2025-04-16T14:15:00Z,0.0,2.33,0.97,1.19,2.39,1.63,1.77,1.85,1.85,0.88,1.73,1.95,1.86,1.83,1.72,1.71,1.41,2.17
2025-04-16T14:30:00Z,0.0,2.35,0.97,1.19,2.37,1.62,1.77,1.85,1.86,0.88,1.72,1.95,1.86,1.83,1.71,1.7,1.41,2.17
2025-04-16T14:45:00Z,0.0,2.34,0.97,1.19,2.37,1.62,1.77,1.85,1.86,0.89,1.72,1.94,1.86,1.83,1.71,1.7,1.41,2.17
2025-04-16T15:00:00Z,0.0,2.33,0.97,1.19,2.36,1.62,1.77,1.85,1.86,0.89,1.73,1.94,1.86,1.83,1.71,1.7,1.41,2.17
2025-04-16T15:15:00Z,0.0,2.31,0.97,1.19,2.36,1.63,1.77,1.86,1.86,0.9,1.73,1.95,1.86,1.83,1.71,1.69,1.41,2.16
2025-04-16T15:30:00Z,0.0,2.31,0.97,1.18,2.36,1.63,1.77,1.86,1.87,0.91,1.74,1.95,1.87,1.83,1.71,1.69,1.42,2.16
2025-04-16T15:45:00Z,0.0,2.32,0.96,1.18,2.35,1.64,1.77,1.86,1.87,0.92,1.75,1.95,1.86,1.83,1.71,1.69,1.42,2.16
2025-04-16T16:00:00Z,0.0,2.32,0.97,1.18,2.35,1.64,1.77,1.86,1.87,0.92,1.76,1.95,1.87,1.83,1.71,1.69,1.41,2.16
2025-04-16T16:15:00Z,0.0,2.33,0.96,1.18,2.35,1.65,1.76,1.86,1.88,0.93,1.76,1.95,1.87,1.83,1.71,1.69,1.42,2.16
2025-04-16T16:30:00Z,0.0,2.33,0.97,1.18,2.35,1.65,1.77,1.87,1.88,0.93,1.77,1.95,1.87,1.83,1.71,1.69,1.42,2.16
2025-04-16T16:45:00Z,0.0,2.35,0.97,1.18,2.36,1.65,1.77,1.87,1.88,0.94,1.77,1.95,1.87,1.83,1.71,1.69,1.41,2.16
2025-04-16T17:00:00Z,0.0,2.33,0.97,1.18,2.37,1.65,1.77,1.87,1.89,0.94,1.78,1.95,1.86,1.83,1.7,1.69,1.41,2.16
2025-04-16T17:15:00Z,0.0,2.32,0.97,1.18,2.38,1.64,1.78,1.87,1.89,0.94,1.78,1.96,1.86,1.83,1.7,1.69,1.41,2.15
2025-04-16T17:30:00Z,0.0,2.33,0.97,1.18,2.38,1.63,1.78,1.88,1.9,0.95,1.79,1.96,1.86,1.82,1.7,1.69,1.4,2.15
2025-04-16T17:45:00Z,0.0,2.32,0.97,1.18,2.37,1.62,1.78,1.88,1.9,0.95,1.79,1.96,1.86,1.82,1.7,1.69,1.41,2.15
2025-04-16T18:00:00Z,0.0,2.34,0.97,1.18,2.37,1.62,1.78,1.88,1.9,0.95,1.79,1.96,1.86,1.82,1.7,1.69,1.41,2.15
2025-04-16T18:15:00Z,0.0,2.33,0.97,1.18,2.37,1.63,1.79,1.88,1.9,0.96,1.8,1.96,1.86,1.82,1.7,1.69,1.41,2.16
2025-04-16T18:30:00Z,0.0,2.33,0.97,1.18,2.37,1.63,1.79,1.89,1.9,0.95,1.8,1.96,1.86,1.82,1.7,1.69,1.4,2.16
2025-04-16T18:45:00Z,0.0,2.32,0.97,1.18,2.37,1.64,1.8,1.89,1.9,0.95,1.8,1.96,1.86,1.82,1.7,1.69,1.42,2.16
2025-04-16T19:00:00Z,0.0,2.32,0.97,1.19,2.36,1.64,1.8,1.89,1.9,0.95,1.8,1.96,1.86,1.82,1.7,1.68,1.41,2.16
2025-04-16T19:15:00Z,0.0,2.31,0.97,1.19,2.36,1.65,1.8,1.89,1.9,0.94,1.8,1.96,1.86,1.82,1.7,1.68,1.41,2.16
2025-04-16T19:30:00Z,0.0,2.34,0.97,1.19,2.36,1.65,1.81,1.89,1.9,0.94,1.8,1.96,1.86,1.82,1.7,1.68,1.41,2.16
2025-04-16T19:45:00Z,0.0,2.33,0.97,1.19,2.37,1.66,1.81,1.89,1.9,0.94,1.79,1.96,1.86,1.82,1.7,1.68,1.41,2.16
2025-04-16T20:00:00Z,0.0,2.34,0.97,1.19,2.37,1.66,1.82,1.89,1.9,0.93,1.78,1.96,1.86,1.82,1.7,1.68,1.41,2.16
2025-04-16T20:15:00Z,0.0,2.33,0.98,1.19,2.38,1.66,1.82,1.89,1.89,0.93,1.78,1.96,1.85,1.81,1.7,1.68,1.39,2.16
2025-04-16T20:30:00Z,0.0,2.34,0.98,1.2,2.39,1.66,1.82,1.89,1.89,0.93,1.78,1.96,1.85,1.81,1.7,1.68,1.41,2.17
2025-04-16T20:45:00Z,0.0,2.34,0.98,1.2,2.39,1.65,1.82,1.89,1.89,0.92,1.77,1.96,1.85,1.81,1.7,1.68,1.4,2.17
2025-04-16T21:00:00Z,0.0,2.33,0.99,1.2,2.4,1.64,1.82,1.89,1.89,0.92,1.77,1.96,1.85,1.81,1.69,1.68,1.4,2.17
2025-04-16T21:15:00Z,0.0,2.34,0.99,1.21,2.41,1.63,1.82,1.89,1.89,0.92,1.77,1.96,1.85,1.81,1.69,1.68,1.41,2.17
2025-04-16T21:30:00Z,0.0,2.34,0.99,1.21,2.38,1.63,1.82,1.89,1.89,0.92,1.77,1.96,1.85,1.81,1.69,1.68,1.41,2.17
2025-04-16T21:45:00Z,0.0,2.34,0.99,1.21,2.38,1.63,1.82,1.88,1.88,0.91,1.76,1.96,1.85,1.81,1.69,1.67,1.4,2.17
2025-04-16T22:00:00Z,0.0,2.33,0.99,1.21,2.38,1.64,1.82,1.88,1.88,0.91,1.76,1.96,1.85,1.81,1.69,1.67,1.4,2.17
2025-04-16T22:15:00Z,0.0,2.33,0.99,1.22,2.37,1.64,1.82,1.88,1.88,0.91,1.76,1.96,1.85,1.81,1.69,1.67,1.4,2.17
2025-04-16T22:30:00Z,0.0,2.32,0.99,1.22,2.37,1.65,1.82,1.88,1.88,0.91,1.76,1.96,1.85,1.81,1.69,1.67,1.39,2.17
2025-04-16T22:45:00Z,0.0,2.31,0.99,1.22,2.38,1.66,1.81,1.88,1.88,0.91,1.76,1.96,1.85,1.81,1.69,1.67,1.4,2.17
2025-04-16T23:00:00Z,0.0,2.34,0.99,1.23,2.38,1.65,1.81,1.88,1.88,0.91,1.76,1.96,1.85,1.81,1.69,1.67,1.39,2.18
2025-04-16T23:15:00Z,0.0,2.33,1.0,1.23,2.38,1.65,1.81,1.88,1.88,0.9,1.75,1.96,1.84,1.81,1.69,1.67,1.41,2.18
2025-04-16T23:30:00Z,0.0,2.32,1.0,1.23,2.39,1.65,1.81,1.88,1.88,0.9,1.75,1.96,1.85,1.81,1.69,1.67,1.4,2.18
2025-04-16T23:45:00Z,0.0,2.33,1.0,1.23,2.4,1.65,1.81,1.88,1.88,0.9,1.75,1.96,1.84,1.8,1.69,1.67,1.4,2.18
2025-04-17T00:00:00Z,0.0,2.33,1.0,1.24,2.4,1.64,1.81,1.88,1.88,0.9,1.75,1.95,1.84,1.8,1.69,1.67,1.4,2.18
2025-04-17T00:15:00Z,0.0,2.33,1.0,1.24,2.4,1.63,1.8,1.88,1.88,0.9,1.75,1.95,1.84,1.8,1.69,1.67,1.39,2.18
2025-04-17T00:30:00Z,0.0,2.33,1.0,1.24,2.4,1.62,1.8,1.87,1.88,0.9,1.75,1.95,1.84,1.8,1.69,1.67,1.39,2.18
2025-04-17T00:45:00Z,0.0,2.31,1.0,1.24,2.39,1.62,1.8,1.87,1.87,0.9,1.75,1.95,1.84,1.8,1.69,1.67,1.4,2.18
2025-04-17T01:00:00Z,0.0,2.33,1.0,1.24,2.38,1.63,1.8,1.87,1.87,0.9,1.75,1.95,1.84,1.8,1.68,1.67,1.4,2.18
2025-04-17T01:15:00Z,0.0,2.32,1.0,1.24,2.38,1.63,1.79,1.87,1.87,0.9,1.75,1.95,1.84,1.8,1.68,1.66,1.4,2.18
2025-04-17T01:30:00Z,0.0,2.32,1.0,1.24,2.37,1.64,1.79,1.87,1.87,0.9,1.75,1.95,1.84,1.8,1.68,1.66,1.39,2.18
2025-04-17T01:45:00Z,0.0,2.34,1.0,1.24,2.37,1.64,1.79,1.87,1.87,0.9,1.75,1.95,1.84,1.8,1.68,1.66,1.4,2.18
2025-04-17T02:00:00Z,0.0,2.33,1.0,1.24,2.37,1.65,1.79,1.87,1.87,0.89,1.75,1.95,1.84,1.8,1.68,1.66,1.41,2.18
2025-04-17T02:15:00Z,0.0,2.32,1.0,1.24,2.38,1.65,1.79,1.87,1.87,0.89,1.75,1.95,1.84,1.8,1.68,1.66,1.4,2.18
2025-04-17T02:30:00Z,0.0,2.32,1.0,1.24,2.38,1.65,1.79,1.87,1.87,0.89,1.75,1.95,1.84,1.8,1.68,1.66,1.39,2.18
2025-04-17T02:45:00Z,0.0,2.33,1.0,1.24,2.39,1.65,1.79,1.87,1.87,0.89,1.75,1.95,1.84,1.8,1.68,1.66,1.39,2.18
2025-04-17T03:00:00Z,0.0,2.34,1.0,1.24,2.39,1.64,1.79,1.87,1.87,0.89,1.75,1.95,1.84,1.8,1.68,1.66,1.41,2.18
2025-04-17T03:15:00Z,0.0,2.33,1.0,1.24,2.41,1.63,1.79,1.87,1.87,0.89,1.74,1.95,1.83,1.8,1.68,1.66,1.39,2.18
2025-04-17T03:30:00Z,0.0,2.34,1.0,1.24,2.39,1.62,1.78,1.87,1.87,0.89,1.74,1.95,1.83,1.8,1.68,1.66,1.41,2.18
2025-04-17T03:45:00Z,0.0,2.33,1.0,1.24,2.38,1.62,1.78,1.87,1.87,0.89,1.74,1.95,1.83,1.8,1.68,1.66,1.4,2.18
2025-04-17T04:00:00Z,0.0,2.33,1.0,1.24,2.38,1.62,1.78,1.86,1.87,0.89,1.75,1.95,1.83,1.79,1.68,1.66,1.4,2.18
2025-04-17T04:15:00Z,0.0,2.32,1.0,1.24,2.37,1.62,1.78,1.86,1.87,0.89,1.74,1.94,1.83,1.8,1.68,1.66,1.4,2.18
2025-04-17T04:30:00Z,0.0,2.33,0.99,1.24,2.37,1.63,1.78,1.87,1.87,0.89,1.74,1.94,1.83,1.79,1.68,1.66,1.39,2.18
2025-04-17T04:45:00Z,0.0,2.32,0.99,1.23,2.37,1.63,1.78,1.86,1.87,0.89,1.74,1.94,1.83,1.79,1.68,1.66,1.4,2.18
2025-04-17T05:00:00Z,0.0,2.33,0.99,1.23,2.37,1.64,1.78,1.86,1.87,0.89,1.74,1.94,1.83,1.79,1.68,1.66,1.4,2.18
2025-04-17T05:15:00Z,0.0,2.34,0.99,1.23,2.37,1.64,1.78,1.86,1.87,0.89,1.74,1.94,1.83,1.79,1.68,1.66,1.4,2.18
2025-04-17T05:30:00Z,0.0,2.33,0.99,1.23,2.37,1.64,1.77,1.86,1.87,0.89,1.74,1.94,1.83,1.79,1.68,1.66,1.4,2.18
2025-04-17T05:45:00Z,0.0,2.34,0.99,1.23,2.38,1.64,1.77,1.86,1.87,0.89,1.74,1.94,1.83,1.79,1.68,1.66,1.4,2.18
2025-04-17T06:00:00Z,0.0,2.33,0.99,1.23,2.39,1.64,1.77,1.86,1.87,0.89,1.74,1.94,1.83,1.79,1.68,1.66,1.4,2.18
2025-04-17T06:15:00Z,0.0,2.33,0.99,1.23,2.39,1.63,1.77,1.86,1.87,0.89,1.74,1.94,1.83,1.79,1.68,1.66,1.41,2.18
2025-04-17T06:30:00Z,0.0,2.35,0.99,1.22,2.38,1.62,1.77,1.86,1.87,0.89,1.74,1.94,1.83,1.79,1.68,1.66,1.4,2.18
2025-04-17T06:45:00Z,0.0,2.32,0.99,1.22,2.38,1.61,1.77,1.86,1.87,0.89,1.74,1.94,1.83,1.79,1.68,1.66,1.4,2.18
2025-04-17T07:00:00Z,0.0,2.33,0.99,1.22,2.38,1.61,1.77,1.86,1.87,0.89,1.74,1.94,1.83,1.79,1.68,1.66,1.4,2.18
2025-04-17T07:15:00Z,0.0,2.32,0.99,1.22,2.38,1.62,1.77,1.86,1.87,0.89,1.73,1.94,1.83,1.79,1.68,1.66,1.4,2.18
2025-04-17T07:30:00Z,0.0,2.31,0.99,1.22,2.37,1.62,1.77,1.86,1.86,0.89,1.73,1.94,1.83,1.79,1.68,1.66,1.39,2.18
2025-04-17T07:45:00Z,0.0,2.33,0.98,1.22,2.37,1.63,1.77,1.86,1.86,0.88,1.73,1.94,1.83,1.79,1.68,1.66,1.39,2.18
2025-04-17T08:00:00Z,0.0,2.32,0.98,1.22,2.36,1.63,1.77,1.86,1.86,0.88,1.73,1.94,1.83,1.79,1.68,1.66,1.4,2.18
2025-04-17T08:15:00Z,0.0,2.33,0.98,1.22,2.36,1.64,1.77,1.86,1.86,0.88,1.74,1.94,1.83,1.79,1.68,1.66,1.4,2.18
2025-04-17T08:30:00Z,0.0,2.31,0.98,1.21,2.36,1.64,1.77,1.86,1.86,0.88,1.73,1.94,1.83,1.79,1.68,1.66,1.39,2.18
2025-04-17T08:45:00Z,0.0,2.34,0.98,1.21,2.37,1.64,1.76,1.86,1.86,0.88,1.73,1.94,1.83,1.79,1.68,1.66,1.4,2.18
2025-04-17T09:00:00Z,0.0,2.33,0.98,1.21,2.38,1.64,1.76,1.86,1.86,0.88,1.74,1.94,1.83,1.79,1.68,1.65,1.38,2.18
2025-04-17T09:15:00Z,0.0,2.33,0.98,1.21,2.39,1.63,1.76,1.86,1.86,0.88,1.73,1.93,1.83,1.79,1.68,1.65,1.4,2.18
2025-04-17T09:30:00Z,0.0,2.33,0.98,1.21,2.39,1.63,1.76,1.86,1.86,0.88,1.73,1.94,1.83,1.79,1.68,1.65,1.4,2.17
2025-04-17T09:45:00Z,0.0,2.33,0.98,1.21,2.38,1.62,1.76,1.86,1.86,0.88,1.73,1.94,1.83,1.79,1.68,1.65,1.38,2.17
2025-04-17T10:00:00Z,0.0,2.34,0.98,1.21,2.37,1.61,1.76,1.86,1.86,0.88,1.73,1.93,1.83,1.79,1.68,1.65,1.39,2.17
2025-04-17T10:15:00Z,0.0,2.34,0.98,1.21,2.38,1.61,1.76,1.86,1.86,0.88,1.73,1.93,1.83,1.79,1.68,1.64,1.38,2.17
2025-04-17T10:30:00Z,0.0,2.33,0.98,1.21,2.37,1.62,1.76,1.86,1.86,0.88,1.73,1.93,1.83,1.79,1.68,1.64,1.39,2.17
2025-04-17T10:45:00Z,0.0,2.32,0.98,1.21,2.36,1.62,1.76,1.86,1.86,0.88,1.73,1.93,1.83,1.79,1.67,1.64,1.39,2.17
2025-04-17T11:00:00Z,0.0,2.34,0.98,1.21,2.37,1.63,1.76,1.86,1.86,0.88,1.73,1.93,1.83,1.79,1.67,1.64,1.38,2.17
2025-04-17T11:15:00Z,0.0,2.33,0.98,1.2,2.36,1.63,1.76,1.86,1.86,0.88,1.73,1.93,1.83,1.79,1.67,1.64,1.38,2.17
2025-04-17T11:30:00Z,0.0,2.33,0.97,1.2,2.36,1.64,1.76,1.86,1.86,0.88,1.73,1.93,1.83,1.79,1.67,1.64,1.39,2.17
2025-04-17T11:45:00Z,0.0,2.32,0.97,1.2,2.36,1.64,1.74,1.86,1.86,0.88,1.73,1.93,1.83,1.79,1.67,1.64,1.4,2.16
2025-04-17T12:00:00Z,0.0,2.34,0.97,1.2,2.36,1.64,1.75,1.86,1.86,0.88,1.73,1.93,1.83,1.79,1.71,1.64,1.39,2.16
2025-04-17T12:15:00Z,0.0,2.33,0.98,1.2,2.37,1.65,1.76,1.86,1.86,0.88,1.73,1.93,1.82,1.79,1.68,1.64,1.41,2.16
2025-04-17T12:30:00Z,0.0,2.32,0.98,1.2,2.37,1.64,1.75,1.87,1.86,0.87,1.73,1.93,1.83,1.79,1.68,1.64,1.42,2.16
2025-04-17T12:45:00Z,0.0,2.34,0.98,1.2,2.36,1.64,1.76,1.85,1.86,0.87,1.73,1.93,1.82,1.79,1.68,1.65,1.42,2.16
2025-04-17T13:00:00Z,0.0,2.32,0.98,1.2,2.37,1.64,1.76,1.85,1.86,0.87,1.73,1.93,1.82,1.79,1.69,1.65,1.42,2.16
2025-04-17T13:15:00Z,0.0,2.33,0.98,1.2,2.37,1.64,1.75,1.85,1.86,0.87,1.72,1.93,1.83,1.79,1.68,1.65,1.42,2.15
2025-04-17T13:30:00Z,0.0,2.34,0.98,1.2,2.36,1.64,1.76,1.85,1.86,0.87,1.73,1.93,1.83,1.79,1.68,1.65,1.41,2.15
2025-04-17T13:45:00Z,0.0,2.33,0.98,1.2,2.36,1.64,1.76,1.85,1.86,0.87,1.72,1.93,1.83,1.79,1.68,1.65,1.4,2.15
2025-04-17T14:00:00Z,0.0,2.33,0.97,1.2,2.36,1.64,1.76,1.85,1.86,0.87,1.72,1.93,1.83,1.79,1.68,1.65,1.39,2.15
2025-04-17T14:15:00Z,0.0,2.32,0.97,1.2,2.36,1.65,1.76,1.85,1.86,0.88,1.72,1.93,1.83,1.79,1.68,1.65,1.37,2.15
2025-04-17T14:30:00Z,0.0,2.33,0.97,1.2,2.36,1.65,1.75,1.85,1.86,0.88,1.73,1.92,1.83,1.79,1.68,1.64,1.38,2.15
2025-04-17T14:45:00Z,0.0,2.33,0.97,1.19,2.38,1.65,1.74,1.86,1.86,0.88,1.73,1.92,1.83,1.79,1.68,1.65,1.4,2.15
2025-04-17T15:00:00Z,0.0,2.33,0.98,1.19,2.4,1.65,1.76,1.85,1.86,0.88,1.73,1.92,1.84,1.79,1.68,1.64,1.38,2.15
2025-04-17T15:15:00Z,0.0,2.33,0.98,1.19,2.39,1.64,1.76,1.86,1.86,0.9,1.73,1.92,1.83,1.79,1.67,1.64,1.38,2.14
2025-04-17T15:30:00Z,0.0,2.35,0.98,1.19,2.38,1.63,1.76,1.86,1.87,0.9,1.74,1.92,1.83,1.79,1.67,1.64,1.38,2.14
2025-04-17T15:45:00Z,0.0,2.34,0.98,1.19,2.37,1.62,1.76,1.85,1.87,0.91,1.75,1.92,1.83,1.79,1.68,1.64,1.39,2.14
2025-04-17T16:00:00Z,0.0,2.32,0.98,1.19,2.38,1.62,1.76,1.87,1.87,0.92,1.75,1.92,1.83,1.79,1.67,1.64,1.39,2.14
2025-04-17T16:15:00Z,0.0,2.33,0.97,1.19,2.37,1.62,1.76,1.86,1.88,0.92,1.76,1.92,1.83,1.79,1.67,1.63,1.38,2.14
2025-04-17T16:30:00Z,0.0,2.32,0.97,1.19,2.37,1.63,1.76,1.86,1.88,0.92,1.76,1.92,1.83,1.8,1.67,1.63,1.37,2.14
2025-04-17T16:45:00Z,0.0,2.31,0.97,1.19,2.36,1.63,1.76,1.87,1.88,0.93,1.76,1.92,1.83,1.79,1.67,1.63,1.38,2.14
2025-04-17T17:00:00Z,0.0,2.33,0.97,1.19,2.36,1.64,1.76,1.87,1.89,0.93,1.77,1.92,1.83,1.79,1.67,1.63,1.39,2.14
2025-04-17T17:15:00Z,0.0,2.34,0.97,1.19,2.36,1.65,1.76,1.87,1.89,0.93,1.77,1.92,1.83,1.79,1.67,1.63,1.39,2.14
2025-04-17T17:30:00Z,0.0,2.35,0.97,1.19,2.35,1.65,1.77,1.87,1.89,0.94,1.77,1.92,1.83,1.79,1.67,1.63,1.38,2.13
2025-04-17T17:45:00Z,0.0,2.33,0.97,1.19,2.36,1.65,1.77,1.88,1.89,0.94,1.78,1.92,1.82,1.79,1.67,1.63,1.39,2.13
2025-04-17T18:00:00Z,0.0,2.32,0.97,1.19,2.36,1.66,1.78,1.88,1.9,0.94,1.78,1.92,1.82,1.79,1.67,1.63,1.38,2.14
2025-04-17T18:15:00Z,0.0,2.32,0.97,1.19,2.37,1.66,1.78,1.88,1.9,0.94,1.78,1.92,1.82,1.79,1.67,1.63,1.38,2.14
2025-04-17T18:30:00Z,0.0,2.31,0.97,1.19,2.36,1.66,1.78,1.88,1.9,0.94,1.78,1.92,1.82,1.78,1.67,1.63,1.39,2.14
2025-04-17T18:45:00Z,0.0,2.32,0.97,1.19,2.38,1.66,1.78,1.88,1.9,0.94,1.78,1.92,1.82,1.78,1.67,1.63,1.39,2.14
2025-04-17T19:00:00Z,0.0,2.33,0.97,1.19,2.38,1.65,1.79,1.88,1.9,0.94,1.78,1.92,1.82,1.78,1.67,1.63,1.39,2.14
2025-04-17T19:15:00Z,0.0,2.33,0.97,1.19,2.38,1.64,1.79,1.89,1.9,0.94,1.78,1.92,1.82,1.78,1.67,1.63,1.39,2.14
2025-04-17T19:30:00Z,0.0,2.33,0.98,1.19,2.38,1.64,1.79,1.89,1.9,0.93,1.78,1.92,1.82,1.78,1.66,1.63,1.37,2.14
2025-04-17T19:45:00Z,0.0,2.33,0.98,1.19,2.37,1.64,1.79,1.89,1.9,0.92,1.78,1.92,1.82,1.78,1.66,1.63,1.37,2.14
2025-04-17T20:00:00Z,0.0,2.33,0.98,1.19,2.38,1.65,1.8,1.88,1.89,0.92,1.77,1.92,1.82,1.78,1.66,1.62,1.38,2.14
2025-04-17T20:15:00Z,0.0,2.33,0.98,1.19,2.37,1.65,1.8,1.88,1.89,0.92,1.76,1.92,1.82,1.78,1.66,1.62,1.38,2.14
2025-04-17T20:30:00Z,0.0,2.33,0.98,1.19,2.37,1.65,1.8,1.88,1.89,0.91,1.76,1.92,1.82,1.78,1.66,1.62,1.39,2.14
2025-04-17T20:45:00Z,0.0,2.32,0.98,1.2,2.37,1.65,1.8,1.88,1.89,0.91,1.75,1.92,1.82,1.78,1.66,1.62,1.38,2.15
2025-04-17T21:00:00Z,0.0,2.33,0.98,1.2,2.38,1.65,1.8,1.88,1.88,0.91,1.75,1.92,1.82,1.78,1.66,1.62,1.38,2.15
2025-04-17T21:15:00Z,0.0,2.34,0.98,1.2,2.38,1.65,1.8,1.88,1.88,0.9,1.75,1.92,1.82,1.78,1.66,1.62,1.38,2.15
2025-04-17T21:30:00Z,0.0,2.33,0.99,1.2,2.39,1.64,1.8,1.88,1.88,0.9,1.75,1.92,1.82,1.78,1.66,1.62,1.38,2.15
2025-04-17T21:45:00Z,0.0,2.33,0.99,1.21,2.39,1.64,1.8,1.88,1.88,0.9,1.74,1.92,1.82,1.78,1.66,1.62,1.38,2.15
2025-04-17T22:00:00Z,0.0,2.34,0.99,1.21,2.38,1.63,1.8,1.88,1.88,0.89,1.74,1.92,1.82,1.78,1.66,1.62,1.38,2.15
2025-04-17T22:15:00Z,0.0,2.34,0.99,1.21,2.38,1.63,1.8,1.87,1.88,0.89,1.74,1.92,1.82,1.78,1.66,1.62,1.37,2.15
2025-04-17T22:30:00Z,0.0,2.33,0.99,1.21,2.38,1.64,1.79,1.87,1.87,0.89,1.74,1.92,1.82,1.78,1.66,1.62,1.37,2.15
2025-04-17T22:45:00Z,0.0,2.32,0.99,1.22,2.37,1.64,1.79,1.87,1.87,0.89,1.74,1.92,1.82,1.78,1.66,1.62,1.38,2.15
2025-04-17T23:00:00Z,0.0,2.32,0.99,1.22,2.37,1.65,1.79,1.87,1.87,0.89,1.73,1.92,1.81,1.77,1.66,1.62,1.38,2.16
2025-04-17T23:15:00Z,0.0,2.33,0.99,1.22,2.36,1.65,1.79,1.87,1.87,0.88,1.73,1.92,1.81,1.78,1.66,1.62,1.39,2.16
2025-04-17T23:30:00Z,0.0,2.33,0.99,1.22,2.36,1.66,1.79,1.87,1.87,0.88,1.73,1.92,1.81,1.77,1.66,1.62,1.39,2.16
2025-04-17T23:45:00Z,0.0,2.34,0.99,1.22,2.37,1.66,1.78,1.87,1.86,0.88,1.73,1.92,1.81,1.77,1.66,1.62,1.38,2.16
2025-04-18T00:00:00Z,0.0,2.33,1.0,1.22,2.38,1.66,1.78,1.86,1.87,0.88,1.73,1.92,1.81,1.77,1.66,1.62,1.39,2.16
2025-04-18T00:15:00Z,0.0,2.33,1.0,1.23,2.39,1.66,1.78,1.86,1.86,0.88,1.73,1.92,1.81,1.77,1.66,1.62,1.37,2.16
2025-04-18T00:30:00Z,0.0,2.33,1.0,1.23,2.4,1.65,1.78,1.86,1.86,0.88,1.73,1.92,1.81,1.77,1.66,1.62,1.39,2.16
2025-04-18T00:45:00Z,0.0,2.34,1.0,1.23,2.39,1.64,1.78,1.86,1.86,0.88,1.73,1.91,1.81,1.77,1.66,1.62,1.38,2.16
2025-04-18T01:00:00Z,0.0,2.34,1.0,1.23,2.4,1.63,1.77,1.86,1.86,0.88,1.72,1.92,1.81,1.77,1.66,1.62,1.38,2.16
2025-04-18T01:15:00Z,0.0,2.34,1.0,1.23,2.4,1.62,1.77,1.86,1.86,0.87,1.72,1.91,1.81,1.77,1.66,1.62,1.39,2.16
2025-04-18T01:30:00Z,0.0,2.31,1.0,1.23,2.38,1.62,1.77,1.86,1.86,0.87,1.72,1.91,1.81,1.77,1.66,1.62,1.39,2.16
2025-04-18T01:45:00Z,0.0,2.33,1.0,1.23,2.38,1.62,1.77,1.86,1.86,0.87,1.72,1.91,1.81,1.77,1.65,1.62,1.38,2.16
2025-04-18T02:00:00Z,0.0,2.33,0.99,1.23,2.38,1.63,1.76,1.86,1.86,0.87,1.72,1.91,1.81,1.77,1.65,1.62,1.38,2.16
2025-04-18T02:15:00Z,0.0,2.31,0.99,1.23,2.37,1.63,1.76,1.86,1.86,0.87,1.72,1.91,1.81,1.77,1.65,1.62,1.39,2.16
2025-04-18T02:30:00Z,0.0,2.32,0.99,1.23,2.37,1.63,1.76,1.86,1.86,0.87,1.72,1.91,1.81,1.77,1.65,1.62,1.38,2.16
2025-04-18T02:45:00Z,0.0,2.32,0.99,1.22,2.36,1.64,1.75,1.86,1.86,0.87,1.72,1.91,1.81,1.77,1.65,1.62,1.38,2.16
2025-04-18T03:00:00Z,0.0,2.32,0.99,1.22,2.37,1.65,1.75,1.86,1.86,0.87,1.71,1.91,1.81,1.77,1.65,1.62,1.37,2.16
2025-04-18T03:15:00Z,0.0,2.32,0.99,1.22,2.37,1.66,1.75,1.85,1.86,0.87,1.72,1.91,1.81,1.77,1.65,1.62,1.39,2.16
2025-04-18T03:30:00Z,0.0,2.34,0.99,1.22,2.38,1.65,1.75,1.85,1.86,0.87,1.72,1.91,1.81,1.77,1.65,1.62,1.38,2.16
2025-04-18T03:45:00Z,0.0,2.33,0.99,1.22,2.38,1.65,1.75,1.85,1.86,0.87,1.71,1.91,1.81,1.77,1.65,1.62,1.38,2.16
2025-04-18T04:00:00Z,0.0,2.35,0.99,1.22,2.39,1.64,1.75,1.85,1.86,0.87,1.72,1.91,1.81,1.77,1.65,1.62,1.38,2.16
2025-04-18T04:15:00Z,0.0,2.34,0.99,1.21,2.38,1.63,1.75,1.85,1.86,0.86,1.72,1.91,1.81,1.77,1.65,1.62,1.39,2.16
2025-04-18T04:30:00Z,0.0,2.33,0.99,1.21,2.37,1.62,1.74,1.85,1.86,0.87,1.71,1.91,1.81,1.77,1.65,1.62,1.38,2.16
2025-04-18T04:45:00Z,0.0,2.32,0.99,1.21,2.37,1.63,1.74,1.85,1.85,0.86,1.71,1.91,1.81,1.77,1.65,1.62,1.38,2.16
2025-04-18T05:00:00Z,0.0,2.33,0.98,1.21,2.37,1.63,1.74,1.85,1.85,0.86,1.71,1.91,1.81,1.77,1.65,1.62,1.38,2.16
2025-04-18T05:15:00Z,0.0,2.32,0.98,1.21,2.36,1.63,1.74,1.85,1.85,0.86,1.71,1.91,1.81,1.77,1.65,1.62,1.38,2.16
2025-04-18T05:30:00Z,0.0,2.33,0.98,1.21,2.36,1.63,1.74,1.85,1.85,0.86,1.71,1.91,1.81,1.77,1.65,1.62,1.38,2.16
2025-04-18T05:45:00Z,0.0,2.34,0.98,1.2,2.36,1.63,1.74,1.85,1.85,0.86,1.71,1.91,1.81,1.77,1.65,1.62,1.39,2.16
2025-04-18T06:00:00Z,0.0,2.32,0.97,1.2,2.36,1.64,1.74,1.85,1.85,0.86,1.71,1.91,1.81,1.77,1.65,1.62,1.38,2.16
2025-04-18T06:15:00Z,0.0,2.34,0.97,1.2,2.37,1.65,1.74,1.85,1.85,0.86,1.71,1.91,1.81,1.77,1.65,1.62,1.38,2.16
2025-04-18T06:30:00Z,0.0,2.33,0.97,1.2,2.38,1.64,1.74,1.85,1.85,0.86,1.71,1.91,1.81,1.77,1.65,1.62,1.39,2.16
2025-04-18T06:45:00Z,0.0,2.32,0.97,1.2,2.38,1.63,1.74,1.85,1.85,0.86,1.71,1.91,1.81,1.77,1.65,1.62,1.38,2.16
2025-04-18T07:00:00Z,0.0,2.34,0.97,1.19,2.38,1.62,1.74,1.85,1.85,0.86,1.71,1.91,1.81,1.77,1.65,1.62,1.38,2.16
2025-04-18T07:15:00Z,0.0,2.34,0.97,1.19,2.37,1.62,1.74,1.85,1.85,0.86,1.71,1.91,1.81,1.77,1.65,1.62,1.39,2.16
2025-04-18T07:30:00Z,0.0,2.34,0.97,1.19,2.37,1.61,1.74,1.85,1.85,0.86,1.71,1.91,1.81,1.77,1.65,1.62,1.38,2.16
2025-04-18T07:45:00Z,0.0,2.32,0.97,1.19,2.37,1.61,1.73,1.85,1.85,0.86,1.71,1.9,1.8,1.77,1.65,1.62,1.39,2.16
2025-04-18T08:00:00Z,0.0,2.34,0.97,1.19,2.37,1.62,1.73,1.85,1.85,0.86,1.7,1.9,1.8,1.77,1.66,1.62,1.39,2.16
2025-04-18T08:15:00Z,0.0,2.33,0.97,1.19,2.35,1.63,1.73,1.85,1.85,0.86,1.7,1.9,1.81,1.77,1.66,1.62,1.38,2.16
2025-04-18T08:30:00Z,0.0,2.32,0.96,1.18,2.35,1.63,1.73,1.85,1.85,0.86,1.71,1.9,1.81,1.77,1.66,1.63,1.38,2.16
2025-04-18T08:45:00Z,0.0,2.31,0.96,1.18,2.35,1.64,1.73,1.85,1.85,0.86,1.7,1.9,1.81,1.77,1.64,1.63,1.38,2.16
2025-04-18T09:00:00Z,0.0,2.34,0.96,1.18,2.34,1.64,1.73,1.85,1.85,0.86,1.7,1.9,1.81,1.77,1.64,1.62,1.4,2.16
2025-04-18T09:15:00Z,0.0,2.33,0.96,1.18,2.35,1.64,1.73,1.85,1.85,0.86,1.7,1.9,1.8,1.76,1.63,1.62,1.39,2.16
2025-04-18T09:30:00Z,0.0,2.33,0.96,1.18,2.36,1.64,1.73,1.85,1.85,0.86,1.7,1.9,1.8,1.76,1.63,1.62,1.39,2.16
2025-04-18T09:45:00Z,0.0,2.33,0.96,1.18,2.35,1.64,1.74,1.85,1.85,0.85,1.69,1.91,1.8,1.76,1.63,1.63,1.38,2.16
2025-04-18T10:00:00Z,0.0,2.34,0.96,1.18,2.33,1.64,1.74,1.85,1.85,0.85,1.69,1.91,1.8,1.76,1.63,1.63,1.38,2.16
2025-04-18T10:15:00Z,0.0,2.33,0.96,1.18,2.34,1.64,1.73,1.85,1.85,0.85,1.69,1.91,1.8,1.75,1.62,1.62,1.38,2.16
2025-04-18T10:30:00Z,0.0,2.32,0.96,1.18,2.38,1.64,1.73,1.85,1.84,0.85,1.69,1.91,1.79,1.75,1.62,1.63,1.37,2.16
2025-04-18T10:45:00Z,0.0,2.35,0.96,1.17,2.36,1.63,1.73,1.84,1.84,0.85,1.69,1.91,1.79,1.76,1.62,1.63,1.38,2.16
2025-04-18T11:00:00Z,0.0,2.33,0.96,1.17,2.37,1.63,1.73,1.84,1.83,0.85,1.69,1.91,1.8,1.75,1.62,1.63,1.38,2.16
2025-04-18T11:15:00Z,0.0,2.34,0.96,1.17,2.35,1.62,1.73,1.84,1.83,0.85,1.69,1.91,1.8,1.75,1.62,1.63,1.4,2.15
2025-04-18T11:30:00Z,0.0,2.33,0.96,1.17,2.36,1.62,1.71,1.84,1.83,0.86,1.69,1.91,1.79,1.75,1.61,1.63,1.39,2.15
2025-04-18T11:45:00Z,0.0,2.33,0.96,1.17,2.35,1.63,1.72,1.84,1.83,0.86,1.69,1.91,1.79,1.74,1.61,1.65,1.38,2.15
2025-04-18T12:00:00Z,0.0,2.32,0.96,1.17,2.36,1.63,1.72,1.84,1.83,0.86,1.69,1.91,1.79,1.74,1.62,1.64,1.38,2.15
2025-04-18T12:15:00Z,0.0,2.33,0.96,1.17,2.35,1.65,1.71,1.83,1.83,0.86,1.69,1.92,1.78,1.74,1.62,1.63,1.38,2.15
2025-04-18T12:30:00Z,0.0,2.3,0.96,1.17,2.36,1.63,1.71,1.83,1.83,0.86,1.7,1.92,1.78,1.74,1.62,1.63,1.38,2.15
2025-04-18T12:45:00Z,0.0,2.32,0.96,1.17,2.35,1.63,1.71,1.83,1.83,0.86,1.7,1.91,1.78,1.74,1.62,1.64,1.39,2.15
2025-04-18T13:00:00Z,0.0,2.33,0.96,1.17,2.36,1.63,1.71,1.84,1.83,0.86,1.7,1.91,1.78,1.74,1.62,1.64,1.38,2.15
2025-04-18T13:15:00Z,0.0,2.34,0.96,1.17,2.35,1.63,1.71,1.83,1.83,0.86,1.7,1.91,1.78,1.74,1.62,1.64,1.4,2.14
2025-04-18T13:30:00Z,0.0,2.33,0.96,1.17,2.35,1.63,1.71,1.83,1.83,0.86,1.69,1.91,1.78,1.74,1.62,1.64,1.4,2.14
2025-04-18T13:45:00Z,0.0,2.32,0.96,1.17,2.34,1.64,1.71,1.83,1.83,0.86,1.7,1.91,1.77,1.74,1.63,1.64,1.39,2.14
2025-04-18T14:00:00Z,0.0,2.32,0.95,1.17,2.35,1.64,1.7,1.83,1.83,0.86,1.7,1.91,1.78,1.74,1.62,1.64,1.39,2.14
2025-04-18T14:15:00Z,0.0,2.33,0.95,1.16,2.35,1.64,1.71,1.83,1.83,0.86,1.7,1.91,1.77,1.74,1.62,1.64,1.4,2.14
2025-04-18T14:30:00Z,0.0,2.33,0.95,1.16,2.35,1.63,1.7,1.83,1.83,0.87,1.7,1.91,1.78,1.74,1.62,1.65,1.4,2.14
2025-04-18T14:45:00Z,0.0,2.33,0.95,1.16,2.35,1.65,1.7,1.83,1.83,0.86,1.7,1.91,1.77,1.74,1.63,1.65,1.4,2.14
2025-04-18T15:00:00Z,0.0,2.33,0.95,1.16,2.34,1.64,1.7,1.84,1.83,0.86,1.7,1.91,1.77,1.74,1.62,1.63,1.38,2.14
2025-04-18T15:15:00Z,0.0,2.35,0.95,1.16,2.36,1.64,1.7,1.83,1.84,0.87,1.7,1.9,1.77,1.74,1.62,1.66,1.4,2.13
2025-04-18T15:30:00Z,0.0,2.33,0.95,1.16,2.35,1.64,1.7,1.83,1.83,0.87,1.7,1.91,1.77,1.74,1.62,1.65,1.39,2.13
2025-04-18T15:45:00Z,0.0,2.33,0.95,1.15,2.35,1.63,1.7,1.83,1.84,0.86,1.7,1.91,1.77,1.74,1.63,1.65,1.4,2.13
2025-04-18T16:00:00Z,0.0,2.34,0.95,1.15,2.33,1.63,1.7,1.83,1.83,0.87,1.7,1.9,1.77,1.74,1.63,1.66,1.41,2.13
2025-04-18T16:15:00Z,0.0,2.33,0.95,1.15,2.36,1.63,1.7,1.83,1.84,0.87,1.7,1.9,1.77,1.74,1.63,1.66,1.41,2.13
2025-04-18T16:30:00Z,0.0,2.3,0.95,1.15,2.36,1.63,1.7,1.83,1.84,0.86,1.7,1.9,1.77,1.74,1.63,1.66,1.4,2.13
2025-04-18T16:45:00Z,0.0,2.32,0.95,1.15,2.36,1.63,1.7,1.83,1.83,0.86,1.71,1.9,1.77,1.74,1.63,1.66,1.4,2.13
2025-04-18T17:00:00Z,0.0,2.34,0.94,1.15,2.35,1.62,1.7,1.83,1.83,0.86,1.71,1.9,1.77,1.74,1.63,1.66,1.4,2.13
2025-04-18T17:15:00Z,0.0,2.34,0.94,1.14,2.32,1.63,1.7,1.84,1.83,0.86,1.7,1.9,1.77,1.75,1.63,1.66,1.41,2.13
2025-04-18T17:30:00Z,0.0,2.33,0.94,1.14,2.35,1.63,1.7,1.83,1.84,0.86,1.7,1.9,1.77,1.75,1.63,1.66,1.4,2.13
2025-04-18T17:45:00Z,0.0,2.33,0.94,1.14,2.37,1.63,1.7,1.83,1.83,0.86,1.7,1.89,1.77,1.75,1.63,1.66,1.4,2.13
2025-04-18T18:00:00Z,0.0,2.31,0.94,1.14,2.35,1.63,1.7,1.83,1.83,0.86,1.7,1.89,1.77,1.75,1.63,1.67,1.4,2.13
2025-04-18T18:15:00Z,0.0,2.33,0.94,1.14,2.35,1.63,1.7,1.83,1.83,0.86,1.7,1.89,1.77,1.75,1.63,1.67,1.4,2.13
2025-04-18T18:30:00Z,0.0,2.33,0.94,1.14,2.35,1.63,1.7,1.83,1.83,0.86,1.7,1.89,1.77,1.75,1.63,1.67,1.39,2.13
2025-04-18T18:45:00Z,0.0,2.33,0.94,1.14,2.35,1.63,1.7,1.83,1.83,0.86,1.7,1.89,1.77,1.75,1.63,1.67,1.4,2.13
2025-04-18T19:00:00Z,0.0,2.33,0.94,1.14,2.34,1.64,1.7,1.83,1.83,0.86,1.7,1.89,1.77,1.75,1.63,1.67,1.39,2.13
2025-04-18T19:15:00Z,0.0,2.34,0.94,1.14,2.36,1.64,1.7,1.83,1.83,0.86,1.7,1.89,1.77,1.75,1.64,1.67,1.41,2.13
2025-04-18T19:30:00Z,0.0,2.32,0.94,1.14,2.36,1.63,1.7,1.83,1.83,0.86,1.7,1.89,1.78,1.75,1.64,1.67,1.41,2.13
2025-04-18T19:45:00Z,0.0,2.32,0.94,1.14,2.37,1.63,1.7,1.83,1.83,0.86,1.7,1.89,1.77,1.75,1.64,1.67,1.4,2.13
2025-04-18T20:00:00Z,0.0,2.33,0.94,1.13,2.36,1.62,1.7,1.83,1.83,0.86,1.7,1.89,1.77,1.75,1.64,1.67,1.4,2.13
2025-04-18T20:15:00Z,0.0,2.33,0.94,1.13,2.36,1.62,1.7,1.83,1.83,0.86,1.7,1.89,1.77,1.75,1.64,1.67,1.4,2.13
2025-04-18T20:30:00Z,0.0,2.33,0.94,1.13,2.36,1.62,1.7,1.83,1.83,0.86,1.7,1.89,1.78,1.75,1.64,1.67,1.4,2.14
2025-04-18T20:45:00Z,0.0,2.33,0.94,1.13,2.36,1.62,1.7,1.83,1.83,0.86,1.7,1.89,1.78,1.75,1.64,1.67,1.4,2.14
2025-04-18T21:00:00Z,0.0,2.33,0.94,1.13,2.35,1.62,1.7,1.83,1.83,0.86,1.7,1.89,1.78,1.75,1.64,1.67,1.4,2.14
2025-04-18T21:15:00Z,0.0,2.33,0.94,1.13,2.35,1.62,1.7,1.83,1.83,0.86,1.7,1.89,1.78,1.75,1.64,1.67,1.39,2.14
2025-04-18T21:30:00Z,0.0,2.33,0.94,1.13,2.35,1.63,1.7,1.83,1.83,0.86,1.7,1.89,1.78,1.76,1.64,1.67,1.41,2.14
2025-04-18T21:45:00Z,0.0,2.33,0.94,1.13,2.35,1.63,1.7,1.83,1.83,0.86,1.7,1.89,1.78,1.76,1.64,1.67,1.4,2.15
2025-04-18T22:00:00Z,0.0,2.33,0.94,1.13,2.34,1.63,1.7,1.83,1.83,0.86,1.7,1.89,1.78,1.76,1.64,1.67,1.4,2.15
2025-04-18T22:15:00Z,0.0,2.33,0.94,1.13,2.35,1.63,1.7,1.83,1.83,0.86,1.7,1.9,1.78,1.76,1.64,1.67,1.4,2.15
2025-04-18T22:30:00Z,0.0,2.33,0.94,1.13,2.35,1.63,1.7,1.83,1.83,0.86,1.7,1.9,1.78,1.76,1.64,1.67,1.4,2.15
2025-04-18T22:45:00Z,0.0,2.32,0.94,1.13,2.35,1.64,1.69,1.83,1.83,0.86,1.7,1.9,1.78,1.76,1.64,1.68,1.4,2.15
2025-04-18T23:00:00Z,0.0,2.32,0.94,1.13,2.35,1.64,1.69,1.83,1.83,0.86,1.7,1.9,1.78,1.76,1.64,1.67,1.41,2.15
2025-04-18T23:15:00Z,0.0,2.32,0.94,1.13,2.35,1.64,1.69,1.83,1.83,0.86,1.7,1.9,1.78,1.76,1.64,1.67,1.41,2.15
2025-04-18T23:30:00Z,0.0,2.34,0.94,1.13,2.35,1.64,1.69,1.83,1.83,0.86,1.7,1.9,1.78,1.76,1.64,1.67,1.4,2.16
2025-04-18T23:45:00Z,0.0,2.33,0.94,1.13,2.36,1.63,1.69,1.83,1.83,0.86,1.7,1.9,1.78,1.76,1.64,1.67,1.4,2.16
2025-04-19T00:00:00Z,0.0,2.33,0.94,1.13,2.36,1.63,1.69,1.83,1.83,0.86,1.7,1.9,1.78,1.76,1.64,1.67,1.41,2.16
2025-04-19T00:15:00Z,0.0,2.34,0.94,1.13,2.36,1.62,1.69,1.83,1.83,0.86,1.7,1.9,1.78,1.76,1.64,1.68,1.4,2.16
2025-04-19T00:30:00Z,0.0,2.33,0.94,1.13,2.38,1.61,1.69,1.83,1.83,0.86,1.7,1.9,1.78,1.76,1.64,1.68,1.4,2.16
2025-04-19T00:45:00Z,0.0,2.33,0.94,1.13,2.36,1.61,1.69,1.83,1.83,0.86,1.7,1.9,1.78,1.76,1.64,1.67,1.4,2.16
2025-04-19T01:00:00Z,0.0,2.33,0.94,1.13,2.36,1.61,1.69,1.83,1.83,0.86,1.7,1.9,1.78,1.76,1.64,1.68,1.41,2.16
2025-04-19T01:15:00Z,0.0,2.32,0.94,1.13,2.35,1.61,1.69,1.83,1.83,0.86,1.7,1.9,1.79,1.76,1.64,1.68,1.4,2.16
2025-04-19T01:30:00Z,0.0,2.32,0.94,1.13,2.35,1.62,1.69,1.83,1.83,0.86,1.7,1.9,1.79,1.76,1.64,1.68,1.4,2.16
2025-04-19T01:45:00Z,0.1,2.32,0.93,1.13,2.35,1.62,1.69,1.83,1.83,0.86,1.7,1.9,1.79,1.76,1.65,1.68,1.4,2.16
2025-04-19T02:00:00Z,0.2,2.32,0.93,1.13,2.35,1.62,1.69,1.83,1.83,0.86,1.7,1.9,1.79,1.76,1.65,1.68,1.4,2.16
2025-04-19T02:15:00Z,0.2,2.34,0.93,1.13,2.35,1.62,1.69,1.83,1.83,0.86,1.7,1.9,1.79,1.76,1.65,1.68,1.42,2.16
2025-04-19T02:30:00Z,0.0,2.33,0.93,1.13,2.35,1.63,1.69,1.83,1.83,0.86,1.7,1.9,1.79,1.76,1.65,1.68,1.41,2.16
2025-04-19T02:45:00Z,0.0,2.31,0.93,1.13,2.35,1.63,1.69,1.83,1.83,0.86,1.7,1.9,1.79,1.76,1.65,1.68,1.41,2.16
2025-04-19T03:00:00Z,0.0,2.33,0.93,1.13,2.34,1.63,1.69,1.83,1.83,0.86,1.7,1.9,1.79,1.76,1.65,1.68,1.41,2.16
2025-04-19T03:15:00Z,0.0,2.33,0.93,1.13,2.35,1.63,1.69,1.83,1.83,0.86,1.7,1.91,1.79,1.76,1.65,1.68,1.41,2.16
2025-04-19T03:30:00Z,0.0,2.33,0.94,1.13,2.35,1.63,1.69,1.83,1.83,0.86,1.7,1.91,1.79,1.77,1.65,1.68,1.41,2.16
2025-04-19T03:45:00Z,0.0,2.33,0.94,1.13,2.35,1.63,1.69,1.83,1.83,0.86,1.7,1.91,1.79,1.77,1.65,1.68,1.42,2.16
2025-04-19T04:00:00Z,0.0,2.33,0.94,1.13,2.35,1.62,1.69,1.83,1.83,0.86,1.7,1.91,1.79,1.77,1.65,1.68,1.42,2.16
2025-04-19T04:15:00Z,0.0,2.32,0.94,1.13,2.35,1.62,1.69,1.83,1.83,0.86,1.7,1.91,1.79,1.77,1.65,1.68,1.41,2.16
2025-04-19T04:30:00Z,0.1,2.33,0.94,1.13,2.35,1.62,1.69,1.83,1.83,0.86,1.7,1.91,1.79,1.77,1.65,1.69,1.42,2.16
2025-04-19T04:45:00Z,0.0,2.32,0.94,1.13,2.35,1.62,1.69,1.83,1.83,0.86,1.7,1.91,1.79,1.77,1.65,1.69,1.41,2.16
