Timestamp (UTC),Osney-Lock-rainfall-15min-Qualified,Iffley-Lock-height-data-downstream,New-Botley-height-data,Minns-Estate-height-data,Osney-Lock-height-data-downstream,Godstow-Lock-height-data-downstream,Kings-Lock-height-data-downstream,Eynsham-Lock-height-data-downstream,Pinkhill-Lock-height-data-downstream,Farmoor-height-data,Northmoor-Lock-height-data-downstream,Shifford-Lock-height-data-downstream,Rushey-Lock-height-data-downstream,Radcot-Lock-height-data-downstream,Grafton-Lock-height-data-downstream,Buscot-Lock-height-data-downstream,St-Johns-Lock-height-data-downstream,Hannington-Bridge-height-data
2026-09-23T04:00:00Z,0.0,2.29,0.85,1.08,2.2,1.7,1.68,1.77,1.71,0.82,1.7,1.69,1.67,1.69,1.59,1.68,1.48,1.97
2026-09-23T04:15:00Z,0.0,2.29,0.85,1.08,2.2,1.7,1.68,1.77,1.71,0.82,1.68,1.69,1.67,1.69,1.59,1.68,1.48,1.97
2026-09-23T04:30:00Z,0.0,2.29,0.85,1.08,2.2,1.7,1.68,1.77,1.71,0.82,1.7,1.69,1.67,1.69,1.59,1.68,1.48,1.97
2026-09-23T04:45:00Z,0.0,2.29,0.85,1.08,2.2,1.7,1.68,1.77,1.71,0.82,1.71,1.69,1.67,1.69,1.59,1.68,1.48,1.97
2026-09-23T05:00:00Z,0.0,2.29,0.85,1.08,2.2,1.7,1.68,1.77,1.71,0.82,1.69,1.7,1.67,1.69,1.59,1.68,1.48,1.97
2026-09-23T05:15:00Z,0.0,2.29,0.85,1.08,2.2,1.7,1.68,1.77,1.71,0.82,1.69,1.7,1.67,1.69,1.59,1.68,1.48,1.97
2026-09-23T05:30:00Z,0.0,2.29,0.85,1.08,2.2,1.7,1.68,1.77,1.71,0.82,1.69,1.7,1.67,1.69,1.59,1.68,1.48,1.97
2026-09-23T05:45:00Z,0.0,2.29,0.85,1.08,2.2,1.7,1.68,1.77,1.71,0.82,1.68,1.7,1.67,1.69,1.59,1.68,1.48,1.97
2026-09-23T06:00:00Z,0.0,2.29,0.85,1.08,2.2,1.69,1.68,1.77,1.71,0.81,1.67,1.7,1.67,1.7,1.59,1.68,1.48,1.97
2026-09-23T06:15:00Z,0.0,2.28,0.85,1.08,2.2,1.7,1.68,1.77,1.71,0.82,1.68,1.7,1.67,1.7,1.59,1.68,1.48,1.97
2026-09-23T06:30:00Z,0.0,2.28,0.85,1.08,2.2,1.7,1.68,1.77,1.71,0.82,1.67,1.7,1.67,1.7,1.59,1.68,1.48,1.97
2026-09-23T06:45:00Z,0.0,2.28,0.85,1.08,2.2,1.7,1.68,1.77,1.71,0.82,1.67,1.7,1.67,1.7,1.59,1.68,1.48,1.97
2026-09-23T07:00:00Z,0.0,2.29,0.85,1.08,2.19,1.7,1.68,1.77,1.71,0.81,1.67,1.7,1.67,1.7,1.59,1.68,1.48,1.96
2026-09-23T07:15:00Z,0.0,2.28,0.85,1.08,2.2,1.69,1.68,1.77,1.71,0.82,1.67,1.7,1.67,1.7,1.59,1.68,1.48,1.96
2026-09-23T07:30:00Z,0.0,2.28,0.85,1.08,2.19,1.7,1.68,1.77,1.71,0.81,1.68,1.7,1.67,1.7,1.59,1.68,1.48,1.96
2026-09-23T07:45:00Z,0.0,2.28,0.85,1.08,2.2,1.69,1.67,1.77,1.71,0.82,1.67,1.7,1.67,1.7,1.59,1.68,1.48,1.96
2026-09-23T08:00:00Z,0.0,2.29,0.85,1.08,2.2,1.69,1.67,1.77,1.71,0.82,1.67,1.7,1.67,1.7,1.59,1.68,1.48,1.96
2026-09-23T08:15:00Z,,,,,,,,,,,,,,,,,1.48,
2026-09-23T09:00:00Z,,,,,,,,,1.71,,,,,,,,,
2026-09-23T09:15:00Z,0.0,2.27,0.85,1.08,2.2,1.69,1.67,1.77,1.7,0.82,1.68,1.7,1.66,1.69,1.59,1.68,1.48,1.96
2026-09-23T09:30:00Z,0.0,2.29,0.84,1.08,2.19,1.69,1.67,1.78,1.71,0.82,1.67,1.7,1.66,1.69,1.59,1.68,1.5,1.96
2026-09-23T09:45:00Z,0.0,2.24,0.84,1.08,2.19,1.69,1.67,1.77,1.71,0.81,1.68,1.7,1.66,1.7,1.59,1.68,1.48,1.96
2026-09-23T10:00:00Z,0.0,2.25,0.85,1.08,2.19,1.69,1.67,1.77,1.71,0.82,1.69,1.7,1.66,1.7,1.59,1.68,1.48,1.96
2026-09-23T10:15:00Z,0.0,2.28,0.85,1.08,2.19,1.69,1.67,1.77,1.71,0.82,1.68,1.7,1.66,1.7,1.59,1.68,1.48,1.96
2026-09-23T10:30:00Z,0.0,2.29,0.84,1.08,2.19,1.7,1.66,1.77,1.71,0.82,1.68,1.7,1.66,1.7,1.59,1.68,1.48,1.96
2026-09-23T10:45:00Z,0.0,2.3,0.85,1.08,2.19,1.7,1.65,1.77,1.71,0.82,1.67,1.7,1.67,1.7,1.59,1.68,1.48,1.96
2026-09-23T11:00:00Z,0.0,2.27,0.85,1.08,2.19,1.69,1.65,1.77,1.71,0.82,1.69,1.7,1.66,1.7,1.59,1.68,1.48,1.96
2026-09-23T11:15:00Z,0.0,2.26,0.85,1.08,2.19,1.69,1.66,1.77,1.71,0.82,1.68,1.7,1.66,1.7,1.59,1.68,1.47,1.96
2026-09-23T11:30:00Z,0.0,2.28,0.85,1.08,2.19,1.69,1.66,1.77,1.71,0.82,1.68,1.7,1.66,1.7,1.59,1.68,1.51,1.96
2026-09-23T11:45:00Z,0.0,2.29,0.85,1.08,2.19,1.69,1.66,1.77,1.7,0.82,1.68,1.7,1.66,1.69,1.59,1.68,1.48,1.96
2026-09-23T12:00:00Z,0.0,2.28,0.85,1.08,2.2,1.7,1.66,1.77,1.71,0.82,1.69,1.7,1.66,1.7,1.59,1.68,1.49,1.96
2026-09-23T12:15:00Z,0.0,2.27,0.85,1.08,2.19,1.69,1.65,1.77,1.71,0.82,1.69,1.7,1.66,1.7,1.59,1.69,1.48,1.96
2026-09-23T12:30:00Z,0.0,2.29,0.85,1.08,2.19,1.69,1.65,1.77,1.71,0.82,1.66,1.7,1.66,1.7,1.59,1.68,1.48,1.96
2026-09-23T12:45:00Z,0.0,2.29,0.84,1.08,2.19,1.7,1.65,1.77,1.71,0.82,1.67,1.7,1.66,1.7,1.59,1.68,1.48,1.96
2026-09-23T13:00:00Z,0.0,2.28,0.85,1.08,2.19,1.69,1.65,1.77,1.71,0.82,1.67,1.7,1.66,1.7,1.59,1.68,1.48,1.96
2026-09-23T13:15:00Z,0.0,2.28,0.85,1.08,2.19,1.69,1.66,1.77,1.71,0.82,1.68,1.7,1.66,1.7,1.59,1.68,1.48,1.96
2026-09-23T13:30:00Z,0.0,2.28,0.85,1.08,2.19,1.69,1.66,1.77,1.71,0.82,1.69,1.7,1.66,1.7,1.59,1.68,1.48,1.96
2026-09-23T13:45:00Z,0.0,2.29,0.85,1.08,2.19,1.69,1.66,1.77,1.71,0.82,1.69,1.7,1.66,1.71,1.59,1.68,1.48,1.96
2026-09-23T14:00:00Z,0.0,2.29,0.85,1.08,2.18,1.69,1.65,1.77,1.71,0.82,1.68,1.7,1.68,1.71,1.59,1.68,1.48,1.96
2026-09-23T14:15:00Z,0.0,2.29,0.85,1.08,2.19,1.69,1.65,1.77,1.71,0.82,1.69,1.7,1.67,1.71,1.59,1.68,1.47,1.96
2026-09-23T14:30:00Z,0.0,2.29,0.84,1.08,2.19,1.69,1.65,1.77,1.71,0.82,1.69,1.7,1.67,1.71,1.59,1.68,1.47,1.96
2026-09-23T14:45:00Z,0.0,2.25,0.85,1.08,2.19,1.69,1.65,1.77,1.71,0.82,1.67,1.7,1.67,1.7,1.59,1.68,1.48,1.96
2026-09-23T15:00:00Z,0.0,2.28,0.84,1.08,2.19,1.69,1.65,1.77,1.7,0.82,1.68,1.7,1.69,1.7,1.59,1.68,1.47,1.95
2026-09-23T15:15:00Z,0.0,2.29,0.84,1.08,2.19,1.69,1.65,1.77,1.71,0.82,1.69,1.7,1.67,1.7,1.59,1.68,1.47,1.95
2026-09-23T15:30:00Z,0.0,2.29,0.84,1.08,2.19,1.68,1.65,1.77,1.71,0.82,1.69,1.7,1.67,1.7,1.59,1.68,1.47,1.95
2026-09-23T15:45:00Z,0.0,2.29,0.84,1.08,2.19,1.68,1.64,1.77,1.71,0.82,1.68,1.7,1.67,1.7,1.59,1.68,1.47,1.95
2026-09-23T16:00:00Z,0.0,2.28,0.84,1.08,2.19,1.69,1.65,1.77,1.71,0.82,1.69,1.7,1.67,1.7,1.59,1.68,1.47,1.95
2026-09-23T16:15:00Z,0.0,2.29,0.84,1.08,2.19,1.69,1.65,1.77,1.71,0.82,1.68,1.7,1.67,1.7,1.59,1.68,1.47,1.95
2026-09-23T16:30:00Z,0.0,2.29,0.84,1.08,2.19,1.69,1.65,1.77,1.71,0.82,1.69,1.7,1.67,1.7,1.59,1.68,1.47,1.95
2026-09-23T16:45:00Z,0.0,2.29,0.84,1.08,2.19,1.68,1.65,1.77,1.71,0.82,1.68,1.7,1.67,1.7,1.59,1.68,1.47,1.95
2026-09-23T17:00:00Z,0.0,2.28,0.84,1.08,2.19,1.69,1.65,1.77,1.71,0.82,1.68,1.7,1.67,1.7,1.59,1.68,1.47,1.95
2026-09-23T17:15:00Z,0.0,2.29,0.84,1.08,2.18,1.69,1.65,1.77,1.71,0.82,1.68,1.7,1.67,1.7,1.59,1.68,1.47,1.95
2026-09-23T17:30:00Z,0.0,2.29,0.84,1.08,2.2,1.69,1.65,1.77,1.71,0.82,1.67,1.7,1.67,1.7,1.59,1.68,1.47,1.95
2026-09-23T17:45:00Z,0.0,2.29,0.84,1.08,2.19,1.69,1.65,1.77,1.71,0.82,1.69,1.7,1.67,1.7,1.59,1.68,1.47,1.95
2026-09-23T18:00:00Z,0.0,2.29,0.84,1.08,2.19,1.69,1.65,1.77,1.71,0.82,1.68,1.7,1.67,1.7,1.59,1.68,1.47,1.95
2026-09-23T18:15:00Z,0.0,2.3,0.84,1.08,2.19,1.69,1.65,1.77,1.71,0.82,1.68,1.7,1.67,1.7,1.59,1.68,1.47,1.95
2026-09-23T18:30:00Z,0.0,2.29,0.84,1.08,2.19,1.69,1.65,1.77,1.71,0.82,1.69,1.7,1.67,1.7,1.59,1.68,1.47,1.95
2026-09-23T18:45:00Z,0.0,2.29,0.84,1.08,2.19,1.69,1.65,1.77,1.71,0.82,1.7,1.7,1.67,1.7,1.59,1.68,1.48,1.95
2026-09-23T19:00:00Z,0.0,2.29,0.84,1.08,2.19,1.69,1.65,1.77,1.71,0.82,1.69,1.7,1.67,1.7,1.59,1.68,1.47,1.95
2026-09-23T19:15:00Z,0.0,2.29,0.84,1.08,2.19,1.69,1.65,1.77,1.71,0.82,1.68,1.7,1.67,1.7,1.59,1.68,1.48,1.95
2026-09-23T19:30:00Z,0.0,2.29,0.84,1.08,2.19,1.69,1.65,1.77,1.71,0.82,1.68,1.7,1.67,1.7,1.59,1.68,1.48,1.95
2026-09-23T19:45:00Z,0.0,2.29,0.84,1.08,2.19,1.69,1.65,1.77,1.71,0.82,1.69,1.7,1.67,1.7,1.59,1.68,1.48,1.95
2026-09-23T20:00:00Z,0.0,2.29,0.84,1.08,2.19,1.69,1.65,1.77,1.71,0.82,1.69,1.7,1.67,1.7,1.59,1.68,1.48,1.96
2026-09-23T20:15:00Z,0.0,2.29,0.84,1.08,2.19,1.69,1.65,1.77,1.71,0.82,1.69,1.7,1.67,1.7,1.59,1.68,1.48,1.96
2026-09-23T20:30:00Z,0.0,2.29,0.83,1.08,2.19,1.69,1.66,1.77,1.71,0.82,1.69,1.7,1.67,1.7,1.59,1.68,1.48,1.96
2026-09-23T20:45:00Z,0.0,2.29,0.84,1.08,2.19,1.69,1.66,1.77,1.71,0.82,1.68,1.7,1.67,1.7,1.59,1.68,1.48,1.96
2026-09-23T21:00:00Z,0.0,2.29,0.83,1.08,2.19,1.69,1.66,1.77,1.71,0.82,1.68,1.7,1.67,1.7,1.59,1.68,1.48,1.96
2026-09-23T21:15:00Z,0.0,2.29,0.83,1.08,2.19,1.69,1.66,1.77,1.71,0.82,1.68,1.7,1.67,1.7,1.59,1.68,1.48,1.96
2026-09-23T21:30:00Z,0.0,2.29,0.84,1.08,2.19,1.69,1.66,1.77,1.71,0.82,1.7,1.7,1.67,1.7,1.59,1.68,1.48,1.96
2026-09-23T21:45:00Z,0.0,2.29,0.84,1.08,2.19,1.69,1.66,1.77,1.71,0.82,1.69,1.7,1.67,1.7,1.59,1.68,1.48,1.96
2026-09-23T22:00:00Z,0.0,2.29,0.84,1.08,2.19,1.69,1.66,1.77,1.71,0.82,1.67,1.7,1.67,1.7,1.59,1.68,1.48,1.96
2026-09-23T22:15:00Z,0.0,2.29,0.84,1.08,2.19,1.69,1.66,1.77,1.71,0.82,1.68,1.7,1.67,1.7,1.59,1.68,1.48,1.96
2026-09-23T22:30:00Z,0.0,2.29,0.84,1.08,2.19,1.69,1.66,1.77,1.71,0.83,1.68,1.7,1.67,1.7,1.59,1.68,1.48,1.96
2026-09-23T22:45:00Z,0.0,2.29,0.83,1.08,2.19,1.69,1.66,1.77,1.71,0.82,1.68,1.7,1.67,1.7,1.59,1.68,1.48,1.96
2026-09-23T23:00:00Z,0.0,2.29,0.84,1.08,2.19,1.69,1.66,1.77,1.71,0.82,1.68,1.7,1.67,1.7,1.59,1.68,1.48,1.96
2026-09-23T23:15:00Z,0.0,2.29,0.83,1.08,2.19,1.69,1.66,1.77,1.71,0.82,1.68,1.7,1.67,1.7,1.59,1.68,1.48,1.96
2026-09-23T23:30:00Z,0.0,2.29,0.83,1.08,2.19,1.69,1.66,1.77,1.71,0.82,1.67,1.7,1.67,1.7,1.59,1.68,1.48,1.96
2026-09-23T23:45:00Z,0.0,2.29,0.83,1.08,2.19,1.69,1.66,1.77,1.71,0.82,1.69,1.7,1.67,1.7,1.59,1.68,1.48,1.96
2026-09-24T00:00:00Z,0.0,2.29,0.84,1.08,2.19,1.69,1.66,1.77,1.71,0.82,1.69,1.7,1.67,1.7,1.59,1.68,1.48,1.96
2026-09-24T00:15:00Z,0.0,2.29,0.83,1.08,2.19,1.69,1.66,1.77,1.71,0.82,1.68,1.7,1.67,1.7,1.59,1.68,1.48,1.96
2026-09-24T00:30:00Z,0.0,2.29,0.84,1.08,2.19,1.69,1.66,1.77,1.71,0.82,1.69,1.7,1.67,1.7,1.59,1.68,1.48,1.96
2026-09-24T00:45:00Z,0.0,2.29,0.84,1.08,2.19,1.69,1.66,1.77,1.71,0.82,1.67,1.7,1.67,1.7,1.59,1.68,1.48,1.96
2026-09-24T01:00:00Z,0.0,2.29,0.84,1.08,2.19,1.69,1.66,1.77,1.71,0.82,1.68,1.7,1.67,1.7,1.59,1.68,1.48,1.96
2026-09-24T01:15:00Z,0.0,2.29,0.84,1.08,2.19,1.69,1.66,1.77,1.71,0.82,1.69,1.7,1.67,1.7,1.59,1.68,1.48,1.96
2026-09-24T01:30:00Z,0.0,2.29,0.84,1.08,2.19,1.69,1.66,1.77,1.71,0.82,1.68,1.7,1.67,1.7,1.59,1.68,1.48,1.96
2026-09-24T01:45:00Z,0.0,2.29,0.83,1.08,2.19,1.69,1.66,1.77,1.71,0.82,1.67,1.7,1.67,1.7,1.59,1.68,1.48,1.96
2026-09-24T02:00:00Z,0.0,2.29,0.84,1.08,2.19,1.69,1.66,1.77,1.71,0.82,1.7,1.7,1.67,1.7,1.59,1.68,1.48,1.96
2026-09-24T02:15:00Z,0.0,2.29,0.83,1.08,2.19,1.69,1.66,1.77,1.71,0.82,1.69,1.7,1.67,1.7,1.59,1.68,1.48,1.96
2026-09-24T02:30:00Z,0.0,2.29,0.83,1.08,2.19,1.69,1.66,1.77,1.71,0.82,1.69,1.7,1.67,1.7,1.59,1.68,1.48,1.96
2026-09-24T02:45:00Z,0.0,2.29,0.84,1.08,2.19,1.69,1.66,1.77,1.71,0.82,1.68,1.7,1.67,1.7,1.59,1.68,1.48,1.96
2026-09-24T03:00:00Z,0.0,2.29,0.84,1.08,2.19,1.69,1.66,1.77,1.71,0.82,1.69,1.7,1.67,1.7,1.59,1.68,1.48,1.96
2026-09-24T03:15:00Z,0.0,2.29,0.83,1.08,2.19,1.69,1.66,1.77,1.71,0.82,1.68,1.7,1.67,1.7,1.59,1.68,1.48,1.96
2026-09-24T03:30:00Z,0.0,2.28,0.83,1.08,2.19,1.69,1.66,1.77,1.71,0.82,1.68,1.7,1.67,1.7,1.59,1.68,1.48,1.96
2026-09-24T03:45:00Z,0.0,2.28,0.84,1.08,2.19,1.69,1.66,1.77,1.71,0.82,1.68,1.7,1.67,1.7,1.59,1.68,1.48,1.96
2026-09-24T04:00:00Z,0.0,2.28,0.83,1.08,2.19,1.69,1.66,1.77,1.71,0.82,1.67,1.7,1.67,1.7,1.59,1.68,1.48,1.96
2026-09-24T04:15:00Z,0.0,2.28,0.84,1.08,2.19,1.69,1.65,1.77,1.71,0.82,1.69,1.7,1.67,1.7,1.59,1.68,1.48,1.96
2026-09-24T04:30:00Z,0.0,2.28,0.83,1.08,2.19,1.69,1.65,1.77,1.71,0.82,1.68,1.7,1.67,1.7,1.59,1.68,1.48,1.96
2026-09-24T04:45:00Z,0.0,2.28,0.84,1.08,2.19,1.69,1.65,1.77,1.71,0.82,1.7,1.7,1.67,1.7,1.59,1.68,1.48,1.96
2026-09-24T05:00:00Z,0.0,2.28,0.84,1.08,2.19,1.69,1.65,1.77,1.71,0.82,1.69,1.7,1.67,1.7,1.59,1.68,1.48,1.96
2026-09-24T05:15:00Z,0.0,2.28,0.84,1.08,2.19,1.69,1.65,1.77,1.71,0.82,1.68,1.7,1.67,1.7,1.59,1.68,1.48,1.96
2026-09-24T05:30:00Z,0.0,2.28,0.83,1.08,2.19,1.69,1.66,1.77,1.71,0.82,1.69,1.7,1.67,1.7,1.59,1.68,1.48,1.96
2026-09-24T05:45:00Z,0.0,2.28,0.84,1.08,2.19,1.69,1.65,1.77,1.71,0.82,1.68,1.7,1.67,1.7,1.59,1.68,1.48,1.96
2026-09-24T06:00:00Z,0.0,2.28,0.83,1.08,2.19,1.69,1.65,1.77,1.71,0.82,1.68,1.7,1.67,1.7,1.59,1.68,1.48,1.96
2026-09-24T06:15:00Z,0.0,2.28,0.83,1.08,2.19,1.69,1.65,1.77,1.71,0.82,1.67,1.7,1.67,1.7,1.59,1.68,1.48,1.96
2026-09-24T06:30:00Z,0.0,2.28,0.84,1.08,2.19,1.68,1.65,1.77,1.71,0.82,1.68,1.7,1.67,1.7,1.59,1.68,1.48,1.96
2026-09-24T06:45:00Z,0.0,2.28,0.83,1.08,2.19,1.69,1.65,1.77,1.71,0.82,1.68,1.7,1.67,1.7,1.59,1.68,1.48,1.96
2026-09-24T07:00:00Z,0.0,2.28,0.83,1.08,2.19,1.69,1.65,1.77,1.71,0.82,1.7,1.7,1.67,1.7,1.59,1.68,1.48,1.96
2026-09-24T07:15:00Z,0.0,2.27,0.84,1.08,2.19,1.68,1.66,1.77,1.71,0.82,1.69,1.7,1.67,1.7,1.59,1.68,1.48,1.96
2026-09-24T07:30:00Z,0.0,2.27,0.84,1.08,2.19,1.69,1.65,1.77,1.71,0.83,1.68,1.7,1.67,1.7,1.59,1.68,1.48,1.96
2026-09-24T07:45:00Z,0.0,2.27,0.84,1.08,2.19,1.68,1.65,1.77,1.71,0.82,1.69,1.7,1.67,1.7,1.59,1.68,1.48,1.96
2026-09-24T08:00:00Z,0.0,2.28,0.83,1.08,2.19,1.68,1.65,1.77,1.71,0.82,1.67,1.7,1.67,1.7,1.59,1.68,1.48,1.96
2026-09-24T08:15:00Z,0.0,2.28,0.84,1.08,2.19,1.69,1.65,1.77,1.71,0.82,1.68,1.7,1.67,1.7,1.59,1.68,1.48,1.96
2026-09-24T08:30:00Z,0.0,2.28,0.84,1.08,2.19,1.69,1.66,1.77,1.71,0.82,1.7,1.72,1.67,1.7,1.59,1.68,1.48,1.96
2026-09-24T08:45:00Z,0.0,2.28,0.83,1.08,2.2,1.68,1.65,1.77,1.71,0.82,1.7,1.7,1.67,1.7,1.59,1.68,1.49,1.96
2026-09-24T09:00:00Z,0.0,2.28,0.84,1.08,2.19,1.69,1.65,1.77,1.71,0.82,1.68,1.7,1.67,1.7,1.59,1.68,1.48,1.96
2026-09-24T09:15:00Z,0.0,2.28,0.84,1.08,2.19,1.69,1.65,1.77,1.71,0.83,1.67,1.7,1.67,1.71,1.59,1.68,1.48,1.96
2026-09-24T09:30:00Z,0.0,2.28,0.84,1.08,2.19,1.68,1.66,1.77,1.71,0.83,1.7,1.7,1.67,1.7,1.59,1.68,1.48,1.96
2026-09-24T09:45:00Z,0.0,2.28,0.84,1.08,2.2,1.68,1.66,1.77,1.71,0.83,1.7,1.7,1.67,1.71,1.59,1.68,1.48,1.96
2026-09-24T10:00:00Z,0.0,2.28,0.84,1.08,2.2,1.69,1.65,1.77,1.71,0.83,1.69,1.7,1.67,1.71,1.59,1.68,1.48,1.96
2026-09-24T10:15:00Z,0.0,2.28,0.83,1.08,2.19,1.68,1.66,1.77,1.71,0.83,1.67,1.7,1.68,1.72,1.59,1.69,1.48,1.96
2026-09-24T10:30:00Z,0.0,2.29,0.83,1.08,2.2,1.68,1.66,1.77,1.71,0.83,1.69,1.7,1.67,1.71,1.59,1.68,1.48,1.96
2026-09-24T10:45:00Z,0.0,2.28,0.83,1.08,2.19,1.68,1.66,1.77,1.69,0.83,1.7,1.7,1.67,1.7,1.59,1.68,1.48,1.96
2026-09-24T11:00:00Z,0.0,2.29,0.83,1.08,2.2,1.68,1.65,1.77,1.71,0.83,1.68,1.7,1.67,1.71,1.59,1.68,1.48,1.96
2026-09-24T11:15:00Z,0.0,2.25,0.83,1.08,2.19,1.69,1.65,1.77,1.71,0.83,1.67,1.7,1.67,1.71,1.59,1.68,1.48,1.96
2026-09-24T11:30:00Z,0.0,2.27,0.83,1.08,2.2,1.69,1.66,1.77,1.71,0.83,1.69,1.7,1.71,1.7,1.59,1.68,1.48,1.96
2026-09-24T11:45:00Z,0.0,2.29,0.83,1.08,2.19,1.68,1.66,1.77,1.71,0.83,1.69,1.7,1.67,1.71,1.59,1.68,1.48,1.96
2026-09-24T12:00:00Z,0.0,2.29,0.83,1.08,2.2,1.68,1.66,1.77,1.71,0.83,1.69,1.7,1.67,1.71,1.58,1.68,1.46,1.96
2026-09-24T12:15:00Z,0.0,2.28,0.83,1.08,2.2,1.69,1.65,1.78,1.71,0.83,1.69,1.7,1.68,1.7,1.59,1.68,1.48,1.96
2026-09-24T12:30:00Z,0.0,2.27,0.83,1.08,2.19,1.68,1.65,1.77,1.71,0.83,1.69,1.7,1.7,1.7,1.59,1.68,1.49,1.96
2026-09-24T12:45:00Z,0.0,2.28,0.83,1.08,2.19,1.68,1.65,1.77,1.71,0.83,1.69,1.7,1.66,1.69,1.59,1.68,1.48,1.96
2026-09-24T13:00:00Z,0.0,2.3,0.83,1.08,2.2,1.68,1.66,1.77,1.71,0.83,1.68,1.7,1.68,1.7,1.59,1.68,1.48,1.96
2026-09-24T13:15:00Z,0.0,2.28,0.83,1.08,2.19,1.69,1.66,1.77,1.71,0.83,1.68,1.7,1.68,1.7,1.59,1.68,1.47,1.96
2026-09-24T13:30:00Z,0.0,2.28,0.83,1.08,2.2,1.68,1.64,1.77,1.71,0.83,1.68,1.72,1.68,1.7,1.59,1.68,1.47,1.96
2026-09-24T13:45:00Z,0.0,2.28,0.83,1.08,2.19,1.68,1.65,1.77,1.71,0.83,1.68,1.71,1.67,1.7,1.59,1.68,1.48,1.96
2026-09-24T14:00:00Z,0.0,2.29,0.83,1.08,2.2,1.68,1.65,1.77,1.71,0.83,1.7,1.71,1.67,1.7,1.59,1.68,1.47,1.96
2026-09-24T14:15:00Z,0.0,2.32,0.83,1.08,2.2,1.68,1.65,1.77,1.71,0.83,1.68,1.71,1.67,1.7,1.59,1.68,1.48,1.96
2026-09-24T14:30:00Z,0.0,2.26,0.83,1.08,2.2,1.68,1.65,1.77,1.71,0.83,1.71,1.71,1.67,1.7,1.59,1.68,1.48,1.96
2026-09-24T14:45:00Z,0.0,2.26,0.83,1.08,2.2,1.68,1.65,1.77,1.71,0.83,1.7,1.71,1.67,1.7,1.59,1.68,1.48,1.95
2026-09-24T15:00:00Z,0.0,2.3,0.83,1.08,2.2,1.68,1.65,1.77,1.71,0.83,1.69,1.7,1.67,1.7,1.59,1.68,1.47,1.95
2026-09-24T15:15:00Z,0.0,2.31,0.83,1.08,2.2,1.68,1.65,1.77,1.72,0.83,1.71,1.7,1.66,1.7,1.59,1.68,1.46,1.95
2026-09-24T15:30:00Z,0.0,2.26,0.83,1.08,2.19,1.68,1.65,1.77,1.71,0.83,1.68,1.7,1.67,1.7,1.59,1.68,1.49,1.95
2026-09-24T15:45:00Z,0.0,2.27,0.83,1.08,2.19,1.68,1.65,1.77,1.71,0.83,1.71,1.7,1.67,1.7,1.59,1.67,1.47,1.95
2026-09-24T16:00:00Z,0.0,2.28,0.83,1.08,2.2,1.68,1.65,1.77,1.71,0.83,1.71,1.7,1.67,1.7,1.59,1.68,1.48,1.95
2026-09-24T16:15:00Z,0.0,2.29,0.83,1.08,2.19,1.68,1.65,1.77,1.71,0.83,1.71,1.71,1.67,1.7,1.59,1.67,1.48,1.95
2026-09-24T16:30:00Z,0.0,2.29,0.83,1.08,2.18,1.68,1.65,1.77,1.71,0.83,1.69,1.71,1.67,1.7,1.59,1.68,1.47,1.95
2026-09-24T16:45:00Z,0.0,2.26,0.83,1.08,2.19,1.68,1.65,1.77,1.71,0.83,1.69,1.7,1.67,1.7,1.59,1.67,1.47,1.95
2026-09-24T17:00:00Z,0.0,2.26,0.83,1.08,2.2,1.68,1.65,1.77,1.71,0.83,1.71,1.7,1.67,1.7,1.59,1.67,1.48,1.95
2026-09-24T17:15:00Z,0.0,2.28,0.83,1.08,2.19,1.69,1.65,1.77,1.71,0.83,1.69,1.7,1.67,1.7,1.59,1.67,1.47,1.95
2026-09-24T17:30:00Z,0.0,2.28,0.83,1.08,2.19,1.68,1.64,1.77,1.71,0.83,1.7,1.7,1.67,1.7,1.59,1.68,1.47,1.95
2026-09-24T17:45:00Z,0.0,2.3,0.83,1.08,2.19,1.68,1.65,1.77,1.71,0.83,1.7,1.7,1.67,1.7,1.59,1.67,1.47,1.95
2026-09-24T18:00:00Z,0.0,2.28,0.83,1.08,2.19,1.68,1.65,1.77,1.71,0.83,1.7,1.7,1.67,1.7,1.59,1.67,1.47,1.95
2026-09-24T18:15:00Z,0.0,2.29,0.83,1.08,2.19,1.68,1.65,1.77,1.71,0.83,1.7,1.7,1.67,1.7,1.59,1.68,1.47,1.95
2026-09-24T18:30:00Z,0.0,2.28,0.83,1.08,2.19,1.68,1.65,1.77,1.71,0.83,1.7,1.7,1.67,1.7,1.59,1.67,1.47,1.95
2026-09-24T18:45:00Z,0.0,2.27,0.83,1.08,2.19,1.68,1.65,1.77,1.71,0.83,1.71,1.7,1.67,1.7,1.59,1.68,1.47,1.95
2026-09-24T19:00:00Z,0.0,2.27,0.83,1.08,2.19,1.68,1.65,1.77,1.72,0.83,1.7,1.7,1.67,1.7,1.59,1.67,1.47,1.95
2026-09-24T19:15:00Z,0.0,2.28,0.83,1.08,2.19,1.68,1.65,1.77,1.71,0.83,1.68,1.7,1.67,1.7,1.59,1.67,1.47,1.95
2026-09-24T19:30:00Z,0.0,2.28,0.83,1.08,2.19,1.68,1.65,1.77,1.71,0.83,1.7,1.7,1.67,1.7,1.59,1.68,1.47,1.95
2026-09-24T19:45:00Z,0.0,2.28,0.83,1.08,2.19,1.68,1.65,1.77,1.72,0.83,1.71,1.7,1.67,1.7,1.59,1.68,1.47,1.95
2026-09-24T20:00:00Z,0.0,2.28,0.83,1.08,2.19,1.68,1.65,1.77,1.71,0.83,1.7,1.7,1.67,1.7,1.59,1.67,1.47,1.95
2026-09-24T20:15:00Z,0.0,2.28,0.83,1.08,2.19,1.68,1.65,1.77,1.71,0.83,1.68,1.7,1.67,1.7,1.59,1.67,1.47,1.95
2026-09-24T20:30:00Z,0.0,2.28,0.83,1.08,2.19,1.68,1.65,1.77,1.71,0.83,1.7,1.7,1.67,1.7,1.59,1.67,1.47,1.95
2026-09-24T20:45:00Z,0.0,2.28,0.83,1.08,2.19,1.68,1.65,1.77,1.72,0.83,1.7,1.7,1.67,1.7,1.59,1.68,1.47,1.95
2026-09-24T21:00:00Z,0.0,2.28,0.83,1.08,2.19,1.68,1.65,1.77,1.72,0.83,1.69,1.7,1.67,1.7,1.59,1.67,1.47,1.95
2026-09-24T21:15:00Z,0.0,2.28,0.83,1.08,2.19,1.68,1.66,1.77,1.71,0.83,1.69,1.7,1.67,1.7,1.59,1.67,1.47,1.95
2026-09-24T21:30:00Z,0.0,2.28,0.83,1.08,2.19,1.68,1.65,1.77,1.72,0.83,1.71,1.7,1.67,1.7,1.59,1.67,1.47,1.96
2026-09-24T21:45:00Z,0.0,2.28,0.83,1.08,2.19,1.68,1.65,1.77,1.72,0.83,1.71,1.7,1.67,1.7,1.59,1.68,1.47,1.96
2026-09-24T22:00:00Z,0.0,2.28,0.83,1.08,2.19,1.68,1.65,1.77,1.72,0.83,1.69,1.7,1.67,1.7,1.59,1.68,1.47,1.96
2026-09-24T22:15:00Z,0.0,2.28,0.83,1.08,2.19,1.68,1.66,1.77,1.72,0.83,1.7,1.7,1.67,1.7,1.59,1.67,1.47,1.96
2026-09-24T22:30:00Z,0.0,2.28,0.83,1.08,2.19,1.68,1.66,1.77,1.72,0.83,1.7,1.7,1.67,1.7,1.59,1.67,1.47,1.96
2026-09-24T22:45:00Z,0.0,2.28,0.83,1.08,2.19,1.68,1.66,1.77,1.72,0.83,1.69,1.7,1.67,1.7,1.59,1.67,1.47,1.96
2026-09-24T23:00:00Z,0.0,2.28,0.83,1.08,2.19,1.68,1.66,1.77,1.72,0.83,1.69,1.7,1.67,1.7,1.59,1.67,1.47,1.96
2026-09-24T23:15:00Z,0.0,2.29,0.83,1.08,2.19,1.68,1.66,1.77,1.72,0.83,1.7,1.7,1.67,1.7,1.59,1.67,1.47,1.96
2026-09-24T23:30:00Z,0.0,2.29,0.83,1.08,2.19,1.68,1.66,1.77,1.72,0.83,1.7,1.7,1.67,1.7,1.59,1.68,1.47,1.96
2026-09-24T23:45:00Z,0.0,2.28,0.83,1.08,2.19,1.68,1.66,1.77,1.72,0.83,1.7,1.7,1.67,1.7,1.59,1.67,1.48,1.96
2026-09-25T00:00:00Z,0.0,2.28,0.83,1.08,2.19,1.68,1.66,1.77,1.72,0.83,1.7,1.7,1.67,1.7,1.59,1.68,1.48,1.96
2026-09-25T00:15:00Z,0.0,2.29,0.83,1.08,2.19,1.68,1.66,1.77,1.72,0.83,1.69,1.7,1.67,1.7,1.59,1.67,1.48,1.96
2026-09-25T00:30:00Z,0.0,2.29,0.83,1.08,2.19,1.68,1.66,1.77,1.72,0.83,1.71,1.7,1.67,1.7,1.59,1.67,1.48,1.96
2026-09-25T00:45:00Z,0.0,2.29,0.84,1.08,2.19,1.68,1.66,1.77,1.72,0.83,1.69,1.7,1.67,1.7,1.59,1.67,1.48,1.96
2026-09-25T01:00:00Z,0.0,2.29,0.83,1.08,2.19,1.68,1.66,1.77,1.72,0.83,1.71,1.7,1.67,1.7,1.59,1.67,1.48,1.96
2026-09-25T01:15:00Z,0.0,2.29,0.83,1.08,2.19,1.68,1.66,1.77,1.72,0.83,1.7,1.7,1.67,1.7,1.59,1.68,1.48,1.96
2026-09-25T01:30:00Z,0.0,2.29,0.83,1.08,2.19,1.69,1.66,1.77,1.72,0.84,1.7,1.7,1.67,1.7,1.59,1.67,1.48,1.96
2026-09-25T01:45:00Z,0.0,2.29,0.84,1.08,2.19,1.69,1.66,1.77,1.72,0.83,1.71,1.7,1.67,1.7,1.59,1.68,1.48,1.96
2026-09-25T02:00:00Z,0.0,2.29,0.83,1.08,2.19,1.69,1.66,1.77,1.72,0.83,1.7,1.7,1.67,1.7,1.59,1.68,1.48,1.96
2026-09-25T02:15:00Z,0.0,2.29,0.83,1.08,2.19,1.68,1.66,1.77,1.72,0.83,1.7,1.7,1.67,1.7,1.59,1.68,1.48,1.96
2026-09-25T02:30:00Z,0.0,2.29,0.84,1.08,2.19,1.68,1.66,1.77,1.72,0.83,1.71,1.7,1.67,1.7,1.59,1.68,1.48,1.96
2026-09-25T02:45:00Z,0.0,2.29,0.83,1.08,2.19,1.69,1.66,1.77,1.72,0.84,1.68,1.7,1.67,1.7,1.59,1.68,1.48,1.96
2026-09-25T03:00:00Z,0.0,2.29,0.83,1.08,2.19,1.69,1.66,1.77,1.72,0.84,1.69,1.7,1.67,1.7,1.59,1.68,1.48,1.96
2026-09-25T03:15:00Z,0.0,2.29,0.84,1.08,2.19,1.69,1.66,1.77,1.72,0.83,1.7,1.7,1.67,1.7,1.59,1.68,1.48,1.96
2026-09-25T03:30:00Z,0.0,2.29,0.83,1.08,2.19,1.69,1.66,1.77,1.72,0.84,1.68,1.7,1.67,1.7,1.59,1.68,1.48,1.96
2026-09-25T03:45:00Z,0.0,2.29,0.84,1.08,2.19,1.69,1.66,1.77,1.72,0.83,1.7,1.71,1.67,1.7,1.59,1.67,1.48,1.96
2026-09-25T04:00:00Z,0.0,2.29,0.84,1.08,2.19,1.69,1.66,1.77,1.72,0.83,1.7,1.7,1.67,1.7,1.59,1.67,1.48,1.96
2026-09-25T04:15:00Z,0.0,2.29,0.84,1.08,2.19,1.69,1.66,1.77,1.72,0.84,1.7,1.7,1.67,1.7,1.59,1.68,1.48,1.96
2026-09-25T04:30:00Z,0.0,2.29,0.84,1.08,2.19,1.69,1.66,1.77,1.72,0.83,1.7,1.7,1.67,1.7,1.59,1.67,1.48,1.96
2026-09-25T04:45:00Z,0.0,2.29,0.84,1.08,2.19,1.69,1.66,1.77,1.72,0.83,1.71,1.7,1.67,1.7,1.59,1.67,1.48,1.96
2026-09-25T05:00:00Z,0.0,2.29,0.83,1.08,2.19,1.69,1.66,1.77,1.72,0.84,1.69,1.7,1.67,1.7,1.59,1.68,1.48,1.96
2026-09-25T05:15:00Z,0.0,2.28,0.84,1.08,2.19,1.69,1.66,1.77,1.72,0.84,1.71,1.7,1.67,1.7,1.59,1.68,1.48,1.96
2026-09-25T05:30:00Z,0.0,2.29,0.84,1.08,2.19,1.69,1.66,1.77,1.72,0.83,1.7,1.7,1.67,1.7,1.59,1.68,1.48,1.96
2026-09-25T05:45:00Z,0.0,2.29,0.84,1.08,2.19,1.69,1.66,1.77,1.72,0.83,1.7,1.7,1.67,1.7,1.59,1.68,1.48,1.96
2026-09-25T06:00:00Z,0.0,2.28,0.84,1.08,2.19,1.69,1.66,1.77,1.72,0.83,1.7,1.7,1.67,1.7,1.59,1.68,1.48,1.96
2026-09-25T06:15:00Z,0.0,2.28,0.84,1.08,2.19,1.69,1.66,1.77,1.72,0.83,1.7,1.71,1.67,1.7,1.59,1.68,1.48,1.96
2026-09-25T06:30:00Z,0.0,2.28,0.84,1.08,2.19,1.69,1.66,1.77,1.72,0.83,1.7,1.71,1.67,1.7,1.59,1.68,1.48,1.96
2026-09-25T06:45:00Z,0.0,2.28,0.84,1.08,2.19,1.69,1.66,1.77,1.72,0.84,1.69,1.71,1.67,1.7,1.59,1.68,1.48,1.96
2026-09-25T07:00:00Z,0.0,2.28,0.84,1.08,2.19,1.69,1.66,1.77,1.72,0.83,1.71,1.71,1.67,1.7,1.59,1.68,1.48,1.96
2026-09-25T07:15:00Z,0.0,2.28,0.84,1.08,2.19,1.69,1.66,1.77,1.72,0.83,1.69,1.71,1.67,1.7,1.59,1.68,1.48,1.96
2026-09-25T07:30:00Z,0.0,2.28,0.84,1.08,2.19,1.69,1.66,1.77,1.72,0.83,1.7,1.71,1.67,1.7,1.59,1.68,1.48,1.96
2026-09-25T07:45:00Z,0.0,2.28,0.84,1.08,2.19,1.69,1.66,1.77,1.72,0.84,1.71,1.71,1.67,1.7,1.59,1.68,1.48,1.96
2026-09-25T08:00:00Z,0.0,2.29,0.84,1.08,2.19,1.69,1.66,1.77,1.72,0.83,1.71,1.71,1.67,1.7,1.59,1.68,1.48,1.96
2026-09-25T08:15:00Z,0.0,2.29,0.84,1.08,2.19,1.69,1.66,1.77,1.72,0.84,1.7,1.71,1.67,1.7,1.59,1.68,1.48,1.96
2026-09-25T08:30:00Z,0.0,2.28,0.84,1.08,2.19,1.69,1.66,1.77,1.71,0.83,1.71,1.71,1.67,1.7,1.59,1.68,1.48,1.96
2026-09-25T08:45:00Z,0.0,2.28,0.84,1.08,2.19,1.69,1.66,1.77,1.72,0.83,1.71,1.71,1.67,1.7,1.59,1.68,1.48,1.96
2026-09-25T09:00:00Z,0.0,2.29,0.84,1.08,2.19,1.69,1.66,1.77,1.72,0.83,1.71,1.71,1.67,1.7,1.59,1.68,1.48,1.96
2026-09-25T09:15:00Z,0.0,2.28,0.84,1.08,2.19,1.68,1.66,1.77,1.72,0.83,1.7,1.71,1.67,1.7,1.59,1.68,1.48,1.96
2026-09-25T09:30:00Z,0.0,2.27,0.84,1.08,2.19,1.69,1.66,1.77,1.72,0.84,1.68,1.71,1.67,1.7,1.59,1.68,1.48,1.96
2026-09-25T09:45:00Z,0.0,2.27,0.84,1.08,2.19,1.69,1.66,1.78,1.71,0.84,1.71,1.71,1.67,1.7,1.59,1.68,1.48,1.96
2026-09-25T10:00:00Z,0.0,2.25,0.84,1.08,2.19,1.69,1.66,1.77,1.71,0.83,1.71,1.71,1.67,1.7,1.59,1.68,1.48,1.96
2026-09-25T10:15:00Z,0.0,2.27,0.83,1.08,2.19,1.68,1.66,1.77,1.71,0.83,1.71,1.71,1.67,1.72,1.59,1.68,1.48,1.96
2026-09-25T10:30:00Z,0.0,2.29,0.84,1.08,2.19,1.69,1.66,1.77,1.71,0.84,1.71,1.71,1.67,1.71,1.59,1.68,1.48,1.96
2026-09-25T10:45:00Z,0.0,2.28,0.84,1.08,2.19,1.69,1.68,1.78,1.72,0.84,1.69,1.71,1.66,1.7,1.59,1.68,1.48,1.96
2026-09-25T11:00:00Z,0.0,2.27,0.84,1.08,2.19,1.68,1.66,1.77,1.72,0.84,1.71,1.71,1.66,1.7,1.59,1.68,1.48,1.96
2026-09-25T11:15:00Z,0.0,2.27,0.84,1.08,2.19,1.68,1.65,1.77,1.71,0.83,1.68,1.71,1.67,1.7,1.59,1.68,1.48,1.96
2026-09-25T11:30:00Z,0.0,2.28,0.84,1.08,2.19,1.69,1.65,1.77,1.71,0.84,1.7,1.71,1.67,1.7,1.59,1.68,1.47,1.96
2026-09-25T11:45:00Z,0.0,2.27,0.84,1.08,2.19,1.68,1.67,1.76,1.72,0.84,1.7,1.71,1.68,1.72,1.59,1.68,1.48,1.96
2026-09-25T12:00:00Z,0.0,2.27,0.84,1.08,2.2,1.69,1.67,1.77,1.72,0.84,1.71,1.71,1.67,1.69,1.59,1.68,1.48,1.96
2026-09-25T12:15:00Z,0.0,2.26,0.84,1.08,2.2,1.68,1.67,1.77,1.72,0.84,1.69,1.71,1.67,1.7,1.59,1.68,1.48,1.96
2026-09-25T12:30:00Z,0.0,2.29,0.84,1.08,2.2,1.68,1.66,1.77,1.72,0.84,1.7,1.71,1.67,1.7,1.59,1.67,1.48,1.96
2026-09-25T12:45:00Z,0.0,2.31,0.84,1.08,2.19,1.68,1.66,1.77,1.71,0.84,1.71,1.71,1.67,1.7,1.59,1.67,1.48,1.96
2026-09-25T13:00:00Z,0.0,2.28,0.84,1.08,2.2,1.68,1.65,1.77,1.72,0.84,1.71,1.71,1.67,1.7,1.59,1.67,1.48,1.96
2026-09-25T13:15:00Z,0.0,2.27,0.84,1.08,2.19,1.69,1.65,1.77,1.72,0.84,1.7,1.7,1.67,1.7,1.6,1.67,1.48,1.96
2026-09-25T13:30:00Z,0.0,2.27,0.84,1.08,2.19,1.68,1.65,1.77,1.73,0.84,1.71,1.71,1.67,1.7,1.59,1.67,1.48,1.96
2026-09-25T13:45:00Z,0.0,2.28,0.84,1.08,2.19,1.68,1.65,1.77,1.72,0.84,1.71,1.7,1.67,1.7,1.59,1.67,1.48,1.96
2026-09-25T14:00:00Z,0.0,2.29,0.84,1.08,2.2,1.68,1.66,1.77,1.72,0.84,1.71,1.7,1.67,1.7,1.59,1.67,1.47,1.95
2026-09-25T14:15:00Z,0.0,2.29,0.84,1.08,2.2,1.68,1.66,1.77,1.72,0.84,1.7,1.7,1.7,1.7,1.59,1.68,1.48,1.95
2026-09-25T14:30:00Z,0.0,2.29,0.83,1.08,2.19,1.69,1.66,1.77,1.72,0.84,1.71,1.7,1.67,1.7,1.59,1.68,1.47,1.95
2026-09-25T14:45:00Z,0.0,2.29,0.84,1.08,2.19,1.69,1.66,1.77,1.72,0.84,1.7,1.7,1.67,1.7,1.59,1.68,1.47,1.95
2026-09-25T15:00:00Z,0.0,2.29,0.84,1.08,2.2,1.68,1.65,1.77,1.72,0.84,1.69,1.71,1.67,1.7,1.59,1.68,1.47,1.95
2026-09-25T15:15:00Z,0.0,2.29,0.84,1.08,2.2,1.69,1.65,1.77,1.72,0.84,1.71,1.7,1.67,1.7,1.59,1.67,1.44,1.95
2026-09-25T15:30:00Z,0.0,2.29,0.84,1.08,2.2,1.69,1.65,1.77,1.72,0.84,1.69,1.7,1.67,1.7,1.59,1.68,1.48,1.95
2026-09-25T15:45:00Z,0.0,2.29,0.84,1.08,2.21,1.69,1.65,1.77,1.72,0.84,1.7,1.7,1.67,1.7,1.59,1.68,1.46,1.95
2026-09-25T16:00:00Z,0.0,2.29,0.84,1.08,2.19,1.69,1.65,1.77,1.72,0.84,1.71,1.7,1.67,1.69,1.59,1.68,1.46,1.95
2026-09-25T16:15:00Z,0.0,2.28,0.84,1.08,2.2,1.68,1.65,1.77,1.72,0.84,1.71,1.7,1.67,1.7,1.61,1.68,1.47,1.95
2026-09-25T16:30:00Z,0.0,2.29,0.84,1.08,2.19,1.68,1.65,1.77,1.72,0.83,1.71,1.7,1.67,1.7,1.59,1.68,1.47,1.95
2026-09-25T16:45:00Z,0.0,2.29,0.84,1.08,2.19,1.68,1.65,1.77,1.72,0.84,1.7,1.74,1.67,1.7,1.59,1.68,1.47,1.95
2026-09-25T17:00:00Z,0.0,2.29,0.83,1.08,2.19,1.68,1.65,1.77,1.72,0.84,1.71,1.71,1.67,1.7,1.59,1.68,1.47,1.95
2026-09-25T17:15:00Z,0.0,2.29,0.84,1.08,2.19,1.68,1.65,1.77,1.72,0.84,1.7,1.71,1.66,1.7,1.59,1.67,1.47,1.95
2026-09-25T17:30:00Z,0.0,2.29,0.84,1.08,2.19,1.68,1.65,1.77,1.72,0.84,1.7,1.71,1.66,1.7,1.59,1.67,1.47,1.95
2026-09-25T17:45:00Z,0.0,2.29,0.83,1.08,2.19,1.68,1.65,1.77,1.72,0.84,1.71,1.71,1.66,1.7,1.59,1.67,1.47,1.95
2026-09-25T18:00:00Z,0.0,2.29,0.83,1.08,2.19,1.68,1.65,1.77,1.72,0.84,1.7,1.71,1.66,1.7,1.59,1.67,1.47,1.95
2026-09-25T18:15:00Z,0.0,2.29,0.84,1.08,2.19,1.68,1.65,1.77,1.72,0.84,1.7,1.71,1.66,1.7,1.59,1.67,1.47,1.95
2026-09-25T18:30:00Z,0.0,2.29,0.84,1.08,2.19,1.68,1.65,1.77,1.72,0.84,1.72,1.71,1.67,1.7,1.59,1.67,1.47,1.95
2026-09-25T18:45:00Z,0.0,2.29,0.84,1.08,2.19,1.68,1.65,1.77,1.72,0.84,1.69,1.71,1.67,1.7,1.59,1.67,1.47,1.95
2026-09-25T19:00:00Z,0.0,2.29,0.84,1.08,2.19,1.68,1.65,1.77,1.72,0.84,1.71,1.71,1.67,1.7,1.59,1.67,1.47,1.95
2026-09-25T19:15:00Z,0.0,2.29,0.84,1.08,2.19,1.68,1.65,1.77,1.72,0.84,1.72,1.7,1.67,1.7,1.59,1.67,1.47,1.95
2026-09-25T19:30:00Z,0.0,2.29,0.84,1.08,2.19,1.68,1.65,1.77,1.72,0.84,1.69,1.7,1.67,1.7,1.59,1.67,1.47,1.95
2026-09-25T19:45:00Z,0.0,2.3,0.84,1.08,2.19,1.69,1.65,1.77,1.72,0.84,1.69,1.71,1.67,1.7,1.59,1.67,1.47,1.95
2026-09-25T20:00:00Z,0.0,2.28,0.83,1.08,2.19,1.69,1.65,1.77,1.72,0.84,1.69,1.71,1.67,1.7,1.59,1.67,1.47,1.95
2026-09-25T20:15:00Z,0.0,2.28,0.83,1.08,2.19,1.69,1.65,1.77,1.72,0.84,1.7,1.71,1.67,1.7,1.59,1.67,1.47,1.95
2026-09-25T20:30:00Z,0.0,2.29,0.83,1.08,2.19,1.69,1.65,1.77,1.72,0.84,1.71,1.71,1.67,1.7,1.59,1.67,1.47,1.95
2026-09-25T20:45:00Z,0.0,2.29,0.83,1.08,2.19,1.69,1.65,1.78,1.72,0.84,1.72,1.71,1.67,1.7,1.59,1.67,1.47,1.95
2026-09-25T21:00:00Z,0.0,2.29,0.83,1.08,2.19,1.69,1.65,1.77,1.72,0.84,1.72,1.7,1.67,1.7,1.59,1.67,1.47,1.95
2026-09-25T21:15:00Z,0.0,2.29,0.83,1.08,2.19,1.69,1.65,1.77,1.72,0.84,1.7,1.7,1.67,1.7,1.59,1.67,1.47,1.95
2026-09-25T21:30:00Z,0.0,2.28,0.83,1.08,2.19,1.69,1.65,1.77,1.72,0.84,1.71,1.7,1.67,1.7,1.59,1.67,1.47,1.95
2026-09-25T21:45:00Z,0.0,2.29,0.83,1.08,2.19,1.69,1.65,1.77,1.72,0.84,1.7,1.7,1.67,1.7,1.59,1.67,1.47,1.96
2026-09-25T22:00:00Z,0.0,2.29,0.84,1.08,2.19,1.68,1.65,1.78,1.72,0.84,1.7,1.7,1.67,1.7,1.59,1.67,1.47,1.96
2026-09-25T22:15:00Z,0.0,2.29,0.84,1.08,2.19,1.69,1.65,1.78,1.72,0.84,1.7,1.71,1.67,1.7,1.59,1.67,1.47,1.96
2026-09-25T22:30:00Z,0.0,2.29,0.83,1.08,2.19,1.69,1.65,1.77,1.72,0.84,1.7,1.71,1.67,1.7,1.59,1.67,1.47,1.96
2026-09-25T22:45:00Z,0.0,2.29,0.83,1.08,2.19,1.69,1.65,1.78,1.72,0.84,1.72,1.71,1.67,1.7,1.59,1.67,1.47,1.96
2026-09-25T23:00:00Z,0.0,2.29,0.83,1.08,2.19,1.69,1.65,1.78,1.72,0.84,1.7,1.7,1.67,1.7,1.59,1.67,1.47,1.96
2026-09-25T23:15:00Z,0.0,2.29,0.84,1.08,2.19,1.69,1.65,1.77,1.72,0.84,1.72,1.71,1.67,1.7,1.59,1.67,1.47,1.96
2026-09-25T23:30:00Z,0.0,2.29,0.84,1.08,2.19,1.69,1.65,1.77,1.72,0.84,1.72,1.71,1.67,1.7,1.59,1.67,1.47,1.96
2026-09-25T23:45:00Z,0.0,2.29,0.84,1.08,2.19,1.69,1.65,1.78,1.72,0.84,1.71,1.71,1.67,1.7,1.59,1.67,1.47,1.96
2026-09-26T00:00:00Z,0.0,2.29,0.83,1.08,2.19,1.69,1.65,1.78,1.72,0.84,1.7,1.71,1.67,1.7,1.59,1.67,1.47,1.96
2026-09-26T00:15:00Z,0.0,2.29,0.84,1.08,2.19,1.69,1.65,1.77,1.72,0.84,1.7,1.71,1.67,1.7,1.59,1.67,1.47,1.96
2026-09-26T00:30:00Z,0.0,2.29,0.84,1.08,2.19,1.69,1.65,1.78,1.72,0.84,1.7,1.71,1.67,1.7,1.59,1.67,1.47,1.96
2026-09-26T00:45:00Z,0.0,2.29,0.84,1.08,2.19,1.69,1.65,1.77,1.72,0.84,1.69,1.71,1.67,1.7,1.59,1.67,1.47,1.96
2026-09-26T01:00:00Z,0.0,2.29,0.84,1.08,2.19,1.69,1.65,1.77,1.72,0.84,1.71,1.71,1.67,1.7,1.59,1.67,1.47,1.96
2026-09-26T01:15:00Z,0.0,2.29,0.83,1.08,2.19,1.69,1.65,1.78,1.72,0.84,1.7,1.71,1.67,1.7,1.59,1.67,1.47,1.96
2026-09-26T01:30:00Z,0.0,2.29,0.83,1.08,2.19,1.69,1.65,1.78,1.72,0.84,1.7,1.71,1.67,1.7,1.59,1.67,1.47,1.96
2026-09-26T01:45:00Z,0.0,2.29,0.84,1.08,2.19,1.69,1.65,1.78,1.72,0.84,1.7,1.71,1.67,1.7,1.59,1.67,1.47,1.96
2026-09-26T02:00:00Z,0.0,2.29,0.83,1.08,2.19,1.69,1.65,1.77,1.72,0.84,1.7,1.71,1.67,1.7,1.59,1.67,1.47,1.96
2026-09-26T02:15:00Z,0.0,2.29,0.84,1.08,2.19,1.69,1.65,1.77,1.72,0.84,1.71,1.71,1.67,1.7,1.59,1.67,1.47,1.96
2026-09-26T02:30:00Z,0.0,2.29,0.84,1.08,2.19,1.69,1.65,1.77,1.72,0.84,1.7,1.71,1.67,1.7,1.59,1.67,1.47,1.96
2026-09-26T02:45:00Z,0.0,2.29,0.84,1.08,2.19,1.69,1.65,1.77,1.72,0.84,1.7,1.71,1.67,1.7,1.59,1.67,1.47,1.96
2026-09-26T03:00:00Z,0.0,2.29,0.84,1.08,2.19,1.69,1.65,1.77,1.72,0.84,1.7,1.71,1.67,1.7,1.59,1.67,1.47,1.96
2026-09-26T03:15:00Z,0.0,2.29,0.84,1.08,2.19,1.69,1.66,1.77,1.72,0.84,1.72,1.71,1.67,1.7,1.59,1.67,1.47,1.96
2026-09-26T03:30:00Z,0.0,2.28,0.84,1.08,2.19,1.69,1.65,1.77,1.72,0.84,1.71,1.71,1.67,1.7,1.59,1.67,1.47,1.96
2026-09-26T03:45:00Z,0.0,2.28,0.84,1.08,2.19,1.69,1.65,1.77,1.72,0.84,1.7,1.71,1.67,1.7,1.59,1.67,1.47,1.96
2026-09-26T04:00:00Z,0.0,2.28,0.84,1.08,2.19,1.69,1.65,1.78,1.72,0.84,1.72,1.71,1.67,1.7,1.59,1.67,1.47,1.96
2026-09-26T04:15:00Z,0.0,2.28,0.84,1.08,2.19,1.69,1.65,1.77,1.72,0.84,1.71,1.71,1.67,1.7,1.59,1.67,1.47,1.96
2026-09-26T04:30:00Z,0.0,2.28,0.84,1.08,2.19,1.69,1.65,1.77,1.72,0.84,1.71,1.71,1.67,1.7,1.59,1.67,1.47,1.96
2026-09-26T04:45:00Z,0.0,2.28,0.84,1.08,2.19,1.69,1.65,1.77,1.72,0.84,1.69,1.71,1.67,1.7,1.59,1.67,1.47,1.96
2026-09-26T05:00:00Z,0.0,2.28,0.84,1.08,2.19,1.69,1.65,1.77,1.72,0.84,1.7,1.71,1.67,1.7,1.59,1.67,1.47,1.96
2026-09-26T05:15:00Z,0.0,2.28,0.84,1.08,2.19,1.69,1.66,1.77,1.72,0.84,1.71,1.71,1.67,1.7,1.59,1.67,1.47,1.96
2026-09-26T05:30:00Z,0.0,2.28,0.83,1.08,2.19,1.69,1.65,1.77,1.72,0.84,1.7,1.71,1.67,1.7,1.59,1.67,1.47,1.96
2026-09-26T05:45:00Z,0.0,2.28,0.84,1.08,2.19,1.69,1.65,1.77,1.72,0.84,1.71,1.71,1.67,1.7,1.59,1.67,1.47,1.96
2026-09-26T06:00:00Z,0.0,2.28,0.84,1.08,2.19,1.69,1.65,1.78,1.72,0.84,1.7,1.71,1.67,1.7,1.59,1.67,1.47,1.96
2026-09-26T06:15:00Z,0.0,2.28,0.84,1.08,2.19,1.69,1.65,1.78,1.72,0.84,1.7,1.71,1.67,1.7,1.59,1.67,1.47,1.96
2026-09-26T06:30:00Z,0.0,2.28,0.84,1.08,2.19,1.69,1.65,1.77,1.72,0.84,1.71,1.71,1.67,1.7,1.59,1.67,1.47,1.96
2026-09-26T06:45:00Z,0.0,2.28,0.84,1.08,2.19,1.69,1.65,1.78,1.72,0.84,1.71,1.71,1.67,1.7,1.59,1.67,1.47,1.96
2026-09-26T07:00:00Z,0.0,2.28,0.84,1.08,2.19,1.69,1.66,1.77,1.72,0.84,1.7,1.71,1.67,1.7,1.59,1.68,1.47,1.96
2026-09-26T07:15:00Z,0.0,2.28,0.84,1.08,2.19,1.69,1.66,1.77,1.72,0.84,1.72,1.71,1.67,1.7,1.59,1.67,1.47,1.96
2026-09-26T07:30:00Z,0.0,2.28,0.84,1.08,2.19,1.69,1.65,1.78,1.72,0.84,1.69,1.71,1.67,1.7,1.59,1.67,1.47,1.96
2026-09-26T07:45:00Z,0.0,2.27,0.84,1.08,2.19,1.69,1.66,1.77,1.72,0.84,1.69,1.71,1.67,1.7,1.59,1.67,1.47,1.96
2026-09-26T08:00:00Z,0.0,2.27,0.84,1.08,2.19,1.69,1.65,1.78,1.72,0.84,1.69,1.71,1.67,1.7,1.59,1.67,1.47,1.96
2026-09-26T08:15:00Z,0.0,2.28,0.84,1.08,2.19,1.69,1.65,1.78,1.72,0.84,1.7,1.71,1.67,1.7,1.59,1.67,1.47,1.96
2026-09-26T08:30:00Z,0.0,2.28,0.84,1.08,2.19,1.69,1.65,1.78,1.72,0.84,1.7,1.71,1.67,1.7,1.59,1.67,1.46,1.96
2026-09-26T08:45:00Z,0.0,2.27,0.84,1.08,2.19,1.69,1.65,1.78,1.72,0.84,1.69,1.71,1.67,1.7,1.59,1.67,1.47,1.96
2026-09-26T09:00:00Z,0.0,2.27,0.84,1.08,2.19,1.69,1.65,1.78,1.71,0.83,1.69,1.71,1.67,1.7,1.58,1.67,1.47,1.96
2026-09-26T09:15:00Z,0.0,2.27,0.84,1.08,2.19,1.69,1.65,1.78,1.71,0.84,1.7,1.71,1.67,1.7,1.58,1.67,1.47,1.96
2026-09-26T09:30:00Z,0.0,2.27,0.84,1.08,2.19,1.69,1.65,1.78,1.72,0.84,1.71,1.71,1.67,1.7,1.58,1.67,1.47,1.96
2026-09-26T09:45:00Z,0.0,2.28,0.84,1.08,2.2,1.69,1.65,1.78,1.72,0.84,1.69,1.7,1.67,1.7,1.58,1.68,1.47,1.96
2026-09-26T10:00:00Z,0.0,2.24,0.84,1.08,2.19,1.69,1.65,1.78,1.72,0.84,1.69,1.7,1.65,1.7,1.58,1.68,1.46,1.96
2026-09-26T10:15:00Z,0.0,2.26,0.84,1.08,2.2,1.68,1.65,1.78,1.72,0.84,1.71,1.7,1.67,1.7,1.58,1.67,1.47,1.96
2026-09-26T10:30:00Z,0.0,2.27,0.84,1.08,2.19,1.69,1.66,1.78,1.72,0.84,1.71,1.7,1.67,1.7,1.58,1.68,1.46,1.96
2026-09-26T10:45:00Z,0.0,2.28,0.84,1.08,2.19,1.68,1.66,1.78,1.72,0.84,1.72,1.7,1.67,1.7,1.58,1.67,1.46,1.96
2026-09-26T11:00:00Z,0.0,2.29,0.83,1.08,2.21,1.68,1.66,1.78,1.71,0.84,1.69,1.71,1.68,1.69,1.58,1.67,1.47,1.96
2026-09-26T11:15:00Z,0.0,2.28,0.84,1.08,2.21,1.68,1.66,1.78,1.71,0.84,1.71,1.7,1.67,1.7,1.58,1.67,1.47,1.96
2026-09-26T11:30:00Z,0.0,2.24,0.83,1.08,2.2,1.68,1.66,1.78,1.71,0.84,1.71,1.71,1.67,1.7,1.59,1.67,1.46,1.96
2026-09-26T11:45:00Z,0.0,2.25,0.83,1.08,2.19,1.68,1.66,1.78,1.71,0.84,1.71,1.71,1.67,1.7,1.59,1.67,1.47,1.96
2026-09-26T12:00:00Z,0.0,2.27,0.83,1.08,2.19,1.68,1.66,1.78,1.72,0.84,1.71,1.71,1.67,1.7,1.59,1.67,1.47,1.96
2026-09-26T12:15:00Z,0.0,2.28,0.83,1.08,2.2,1.69,1.66,1.78,1.72,0.84,1.71,1.71,1.66,1.69,1.59,1.67,1.43,1.96
2026-09-26T12:30:00Z,0.0,2.24,0.83,1.08,2.2,1.68,1.65,1.78,1.71,0.84,1.72,1.71,1.66,1.69,1.59,1.67,1.47,1.96
2026-09-26T12:45:00Z,0.0,2.27,0.83,1.08,2.19,1.68,1.65,1.78,1.71,0.84,1.72,1.71,1.66,1.69,1.58,1.67,1.47,1.95
2026-09-26T13:00:00Z,0.0,2.29,0.83,1.08,2.19,1.68,1.65,1.78,1.72,0.84,1.72,1.71,1.66,1.69,1.58,1.63,1.46,1.95
2026-09-26T13:15:00Z,0.0,2.29,0.83,1.08,2.19,1.68,1.65,1.78,1.72,0.84,1.69,1.71,1.66,1.7,1.58,1.67,1.47,1.95
2026-09-26T13:30:00Z,0.0,2.26,0.83,1.08,2.19,1.68,1.66,1.78,1.73,0.84,1.71,1.71,1.66,1.69,1.59,1.68,1.46,1.95
2026-09-26T13:45:00Z,0.0,2.25,0.83,1.08,2.19,1.68,1.66,1.77,1.72,0.84,1.7,1.71,1.66,1.7,1.59,1.67,1.51,1.95
2026-09-26T14:00:00Z,0.0,2.26,0.83,1.08,2.19,1.68,1.66,1.78,1.72,0.84,1.71,1.7,1.66,1.7,1.58,1.67,1.47,1.95
2026-09-26T14:15:00Z,0.0,2.28,0.83,1.08,2.19,1.68,1.66,1.78,1.71,0.84,1.72,1.7,1.66,1.7,1.59,1.67,1.5,1.95
2026-09-26T14:30:00Z,0.0,2.28,0.83,1.08,2.19,1.68,1.66,1.77,1.72,0.84,1.72,1.7,1.67,1.7,1.59,1.67,1.46,1.95
2026-09-26T14:45:00Z,0.0,2.27,0.83,1.08,2.2,1.68,1.66,1.79,1.72,0.84,1.71,1.7,1.66,1.7,1.59,1.67,1.46,1.95
2026-09-26T15:00:00Z,0.0,2.26,0.83,1.08,2.2,1.68,1.65,1.78,1.71,0.84,1.7,1.7,1.66,1.69,1.58,1.64,1.46,1.95
2026-09-26T15:15:00Z,0.0,2.27,0.83,1.08,2.2,1.68,1.68,1.78,1.71,0.84,1.72,1.7,1.66,1.69,1.59,1.67,1.48,1.95
2026-09-26T15:30:00Z,0.0,2.29,0.83,1.08,2.19,1.68,1.67,1.77,1.72,0.84,1.7,1.71,1.67,1.69,1.59,1.67,1.47,1.95
2026-09-26T15:45:00Z,0.0,2.29,0.83,1.08,2.2,1.68,1.66,1.78,1.71,0.84,1.7,1.7,1.66,1.69,1.59,1.67,1.47,1.95
2026-09-26T16:00:00Z,0.0,2.28,0.83,1.08,2.2,1.68,1.65,1.78,1.7,0.84,1.72,1.7,1.66,1.69,1.59,1.67,1.46,1.95
2026-09-26T16:15:00Z,0.0,2.26,0.83,1.08,2.2,1.68,1.65,1.78,1.72,0.84,1.72,1.7,1.66,1.69,1.58,1.67,1.44,1.95
2026-09-26T16:30:00Z,0.0,2.27,0.83,1.08,2.2,1.67,1.65,1.77,1.72,0.84,1.71,1.71,1.66,1.69,1.59,1.67,1.46,1.95
2026-09-26T16:45:00Z,0.0,2.28,0.83,1.08,2.2,1.68,1.65,1.78,1.72,0.84,1.7,1.71,1.68,1.69,1.59,1.67,1.46,1.95
2026-09-26T17:00:00Z,0.0,2.29,0.83,1.08,-52.48,1.68,1.65,1.78,1.72,0.84,1.71,1.71,1.67,1.69,1.59,1.67,1.46,1.95
2026-09-26T17:15:00Z,0.0,2.27,0.83,1.08,2.19,1.68,1.65,1.77,1.72,0.84,1.71,1.71,1.66,1.69,1.59,1.67,1.46,1.95
2026-09-26T17:30:00Z,0.0,2.28,0.83,1.08,2.19,1.68,1.65,1.78,1.72,0.84,1.71,1.71,1.66,1.69,1.58,1.67,1.47,1.95
2026-09-26T17:45:00Z,0.0,2.28,0.83,1.08,2.19,1.68,1.65,1.78,1.72,0.84,1.7,1.7,1.66,1.69,1.58,1.67,1.47,1.95
2026-09-26T18:00:00Z,0.0,2.28,0.83,1.08,2.19,1.68,1.65,1.78,1.72,0.84,1.72,1.71,1.66,1.69,1.58,1.67,1.47,1.95
2026-09-26T18:15:00Z,0.0,2.28,0.83,1.08,2.19,1.68,1.65,1.78,1.72,0.84,1.71,1.7,1.66,1.69,1.58,1.67,1.47,1.95
2026-09-26T18:30:00Z,0.0,2.28,0.83,1.08,2.19,1.68,1.65,1.78,1.72,0.84,1.7,1.7,1.66,1.69,1.58,1.67,1.47,1.95
2026-09-26T18:45:00Z,0.0,2.28,0.83,1.08,2.19,1.68,1.65,1.78,1.72,0.84,1.7,1.7,1.66,1.69,1.58,1.67,1.47,1.95
2026-09-26T19:00:00Z,0.0,2.28,0.83,1.08,2.19,1.68,1.65,1.78,1.72,0.84,1.7,1.7,1.66,1.69,1.58,1.67,1.47,1.95
2026-09-26T19:15:00Z,0.0,2.28,0.83,1.08,2.19,1.68,1.65,1.78,1.72,0.84,1.71,1.7,1.66,1.69,1.58,1.67,1.47,1.95
2026-09-26T19:30:00Z,0.0,2.28,0.83,1.08,2.19,1.68,1.65,1.78,1.72,0.84,1.72,1.7,1.66,1.69,1.58,1.67,1.47,1.95
2026-09-26T19:45:00Z,0.0,2.28,0.83,1.08,2.19,1.68,1.65,1.78,1.72,0.84,1.71,1.7,1.66,1.69,1.58,1.67,1.47,1.95
2026-09-26T20:00:00Z,0.0,2.28,0.83,1.08,2.19,1.68,1.65,1.78,1.72,0.84,1.7,1.7,1.66,1.69,1.58,1.67,1.47,1.95
2026-09-26T20:15:00Z,0.0,2.28,0.83,1.08,2.19,1.68,1.65,1.78,1.72,0.84,1.71,1.7,1.66,1.69,1.58,1.67,1.47,1.95
2026-09-26T20:30:00Z,0.0,2.28,0.83,1.08,2.19,1.68,1.65,1.78,1.72,0.84,1.72,1.7,1.66,1.69,1.58,1.67,1.47,1.95
2026-09-26T20:45:00Z,0.0,2.28,0.83,1.08,2.19,1.68,1.65,1.78,1.72,0.84,1.7,1.7,1.66,1.69,1.58,1.67,1.47,1.95
2026-09-26T21:00:00Z,0.0,2.28,0.83,1.08,2.19,1.68,1.65,1.78,1.72,0.84,1.71,1.7,1.66,1.69,1.58,1.67,1.47,1.95
2026-09-26T21:15:00Z,0.0,2.29,0.83,1.08,2.19,1.68,1.65,1.78,1.72,0.84,1.7,1.7,1.66,1.69,1.58,1.67,1.47,1.95
2026-09-26T21:30:00Z,0.0,2.28,0.83,1.08,2.19,1.68,1.65,1.78,1.72,0.84,1.69,1.7,1.66,1.69,1.58,1.67,1.47,1.95
2026-09-26T21:45:00Z,0.0,2.29,0.83,1.08,2.19,1.68,1.65,1.78,1.72,0.84,1.71,1.7,1.66,1.69,1.58,1.67,1.47,1.95
2026-09-26T22:00:00Z,0.0,2.29,0.83,1.08,2.19,1.68,1.65,1.78,1.72,0.84,1.72,1.7,1.66,1.69,1.58,1.67,1.47,1.95
2026-09-26T22:15:00Z,0.0,2.29,0.83,1.08,2.19,1.68,1.65,1.78,1.72,0.84,1.71,1.7,1.66,1.69,1.58,1.67,1.47,1.95
2026-09-26T22:30:00Z,0.0,2.29,0.83,1.08,2.19,1.68,1.65,1.78,1.72,0.84,1.71,1.7,1.66,1.69,1.58,1.67,1.47,1.95
2026-09-26T22:45:00Z,0.0,2.29,0.84,1.08,2.19,1.68,1.65,1.78,1.72,0.84,1.7,1.7,1.66,1.69,1.58,1.67,1.47,1.95
2026-09-26T23:00:00Z,0.0,2.29,0.83,1.08,2.19,1.69,1.65,1.78,1.72,0.84,1.72,1.7,1.66,1.69,1.58,1.67,1.47,1.96
2026-09-26T23:15:00Z,0.0,2.29,0.83,1.08,2.19,1.68,1.65,1.78,1.72,0.84,1.69,1.7,1.66,1.69,1.58,1.67,1.47,1.96
2026-09-26T23:30:00Z,0.0,2.29,0.83,1.08,2.19,1.69,1.65,1.78,1.72,0.84,1.7,1.7,1.66,1.69,1.58,1.67,1.47,1.96
2026-09-26T23:45:00Z,0.0,2.28,0.83,1.08,2.19,1.69,1.65,1.78,1.72,0.84,1.72,1.7,1.66,1.69,1.58,1.67,1.47,1.96
2026-09-27T00:00:00Z,0.0,2.28,0.83,1.08,2.19,1.69,1.65,1.78,1.72,0.84,1.7,1.7,1.66,1.69,1.58,1.67,1.47,1.96
2026-09-27T00:15:00Z,0.0,2.28,0.84,1.08,2.19,1.69,1.65,1.78,1.72,0.84,1.7,1.7,1.66,1.69,1.58,1.67,1.47,1.96
2026-09-27T00:30:00Z,0.0,2.28,0.83,1.08,2.19,1.69,1.65,1.78,1.72,0.84,1.71,1.7,1.66,1.69,1.58,1.67,1.47,1.96
2026-09-27T00:45:00Z,0.0,2.28,0.84,1.08,2.19,1.69,1.65,1.78,1.72,0.84,1.72,1.7,1.66,1.69,1.58,1.68,1.47,1.96
2026-09-27T01:00:00Z,0.0,2.28,0.83,1.08,2.19,1.69,1.65,1.78,1.72,0.84,1.71,1.7,1.66,1.69,1.58,1.68,1.47,1.96
2026-09-27T01:15:00Z,0.0,2.28,0.84,1.08,2.19,1.69,1.65,1.78,1.72,0.84,1.72,1.7,1.66,1.69,1.58,1.68,1.47,1.96
2026-09-27T01:30:00Z,0.0,2.28,0.83,1.08,2.19,1.69,1.65,1.78,1.72,0.84,1.72,1.7,1.66,1.69,1.58,1.68,1.47,1.96
2026-09-27T01:45:00Z,0.0,2.28,0.84,1.08,2.19,1.69,1.65,1.78,1.72,0.84,1.69,1.7,1.66,1.69,1.58,1.68,1.47,1.96
2026-09-27T02:00:00Z,0.0,2.28,0.84,1.08,2.19,1.69,1.65,1.78,1.72,0.84,1.7,1.7,1.66,1.69,1.58,1.68,1.47,1.96
2026-09-27T02:15:00Z,0.0,2.28,0.84,1.08,2.19,1.69,1.65,1.78,1.72,0.84,1.69,1.7,1.66,1.69,1.58,1.68,1.47,1.96
2026-09-27T02:30:00Z,0.0,2.28,0.83,1.08,2.19,1.69,1.65,1.78,1.72,0.84,1.72,1.7,1.66,1.69,1.58,1.68,1.47,1.96
2026-09-27T02:45:00Z,0.0,2.28,0.84,1.08,2.19,1.69,1.65,1.78,1.72,0.84,1.71,1.7,1.66,1.69,1.58,1.68,1.47,1.96
2026-09-27T03:00:00Z,0.0,2.28,0.84,1.08,2.19,1.69,1.65,1.78,1.72,0.84,1.72,1.7,1.66,1.69,1.58,1.68,1.47,1.96
2026-09-27T03:15:00Z,0.0,2.28,0.83,1.08,2.19,1.69,1.65,1.78,1.72,0.84,1.71,1.7,1.66,1.69,1.58,1.68,1.47,1.96
2026-09-27T03:30:00Z,0.0,2.28,0.83,1.08,2.19,1.69,1.65,1.78,1.72,0.84,1.72,1.7,1.66,1.69,1.58,1.68,1.47,1.96
2026-09-27T03:45:00Z,0.0,2.28,0.83,1.08,2.19,1.69,1.65,1.78,1.72,0.84,1.71,1.7,1.66,1.69,1.58,1.68,1.47,1.96
2026-09-27T04:00:00Z,0.0,2.28,0.83,1.08,2.19,1.69,1.65,1.78,1.72,0.84,1.7,1.7,1.66,1.69,1.58,1.68,1.47,1.96
2026-09-27T04:15:00Z,0.0,2.28,0.84,1.08,2.19,1.69,1.65,1.78,1.72,0.84,1.72,1.7,1.66,1.69,1.58,1.68,1.47,1.96
2026-09-27T04:30:00Z,0.0,2.28,0.84,1.08,2.19,1.69,1.65,1.78,1.72,0.84,1.71,1.7,1.66,1.69,1.58,1.68,1.47,1.96
2026-09-27T04:45:00Z,0.0,2.28,0.84,1.08,2.19,1.69,1.65,1.78,1.72,0.84,1.69,1.7,1.66,1.69,1.58,1.68,1.47,1.96
2026-09-27T05:00:00Z,0.0,2.28,0.84,1.08,2.19,1.69,1.65,1.78,1.72,0.84,1.7,1.7,1.66,1.69,1.58,1.68,1.47,1.96
2026-09-27T05:15:00Z,0.0,2.28,0.83,1.08,2.19,1.69,1.65,1.78,1.72,0.84,1.72,1.7,1.66,1.69,1.58,1.68,1.47,1.96
2026-09-27T05:30:00Z,0.0,2.28,0.84,1.08,2.19,1.69,1.65,1.78,1.72,0.84,1.71,1.7,1.66,1.69,1.58,1.68,1.47,1.96
2026-09-27T05:45:00Z,0.0,2.28,0.84,1.08,2.19,1.69,1.65,1.78,1.72,0.84,1.72,1.7,1.66,1.69,1.58,1.68,1.47,1.96
2026-09-27T06:00:00Z,0.0,2.28,0.84,1.08,2.19,1.69,1.65,1.78,1.72,0.84,1.71,1.7,1.66,1.69,1.59,1.68,1.47,1.96
2026-09-27T06:15:00Z,0.0,2.28,0.84,1.08,2.19,1.69,1.65,1.78,1.72,0.84,1.71,1.7,1.66,1.69,1.59,1.68,1.47,1.96
2026-09-27T06:30:00Z,0.0,2.28,0.83,1.08,2.19,1.69,1.65,1.78,1.72,0.84,1.7,1.7,1.66,1.69,1.59,1.68,1.47,1.96
2026-09-27T06:45:00Z,0.0,2.28,0.84,1.08,2.19,1.69,1.65,1.78,1.72,0.84,1.72,1.7,1.66,1.69,1.59,1.68,1.47,1.96
2026-09-27T07:00:00Z,0.0,2.28,0.83,1.08,2.19,1.69,1.65,1.78,1.72,0.84,1.71,1.7,1.66,1.69,1.59,1.68,1.47,1.96
2026-09-27T07:15:00Z,0.0,2.28,0.84,1.08,2.19,1.69,1.65,1.78,1.72,0.84,1.7,1.7,1.66,1.69,1.59,1.68,1.47,1.96
2026-09-27T07:30:00Z,0.0,2.28,0.84,1.08,2.19,1.69,1.65,1.78,1.72,0.84,1.7,1.7,1.66,1.69,1.58,1.68,1.47,1.96
2026-09-27T07:45:00Z,0.0,2.28,0.84,1.08,2.19,1.69,1.65,1.78,1.72,0.84,1.71,1.7,1.66,1.7,1.59,1.68,1.47,1.96
2026-09-27T08:00:00Z,0.0,2.28,0.84,1.08,2.19,1.69,1.65,1.78,1.72,0.84,1.71,1.7,1.66,1.7,1.59,1.68,1.47,1.96
2026-09-27T08:15:00Z,0.0,2.27,0.84,1.08,2.19,1.69,1.65,1.78,1.72,0.84,1.71,1.7,1.66,1.7,1.59,1.68,1.48,1.96
2026-09-27T08:30:00Z,0.0,2.27,0.84,1.08,2.19,1.69,1.66,1.78,1.72,0.84,1.71,1.7,1.66,1.7,1.59,1.68,1.48,1.96
2026-09-27T08:45:00Z,0.0,2.24,0.84,1.08,2.19,1.69,1.65,1.78,1.72,0.84,1.71,1.7,1.66,1.7,1.58,1.68,1.47,1.96
2026-09-27T09:00:00Z,0.0,2.26,0.84,1.08,2.19,1.69,1.65,1.78,1.72,0.84,1.71,1.7,1.66,1.7,1.59,1.68,1.47,1.96
2026-09-27T09:15:00Z,0.0,2.27,0.83,1.08,2.2,1.7,1.66,1.78,1.72,0.84,1.7,1.7,1.66,1.7,1.58,1.68,1.47,1.96
2026-09-27T09:30:00Z,0.0,2.28,0.84,1.08,2.19,1.69,1.65,1.78,1.72,0.84,1.71,1.7,1.66,1.7,1.59,1.67,1.47,1.96
2026-09-27T09:45:00Z,0.0,2.24,0.84,1.08,2.2,1.69,1.65,1.78,1.72,0.84,1.71,1.7,1.67,1.7,1.58,1.68,1.48,1.96
2026-09-27T10:00:00Z,0.0,2.25,0.84,1.08,2.19,1.69,1.66,1.78,1.72,0.84,1.7,1.7,1.66,1.69,1.58,1.68,1.47,1.96
2026-09-27T10:15:00Z,0.0,2.27,0.84,1.08,2.2,1.69,1.65,1.78,1.72,0.84,1.7,1.7,1.67,1.7,1.59,1.68,1.47,1.96
2026-09-27T10:30:00Z,0.0,2.29,0.83,1.08,2.2,1.69,1.66,1.78,1.72,0.84,1.71,1.7,1.66,1.69,1.58,1.67,1.47,1.96
2026-09-27T10:45:00Z,0.0,2.26,0.84,1.08,2.2,1.69,1.66,1.78,1.72,0.84,1.71,1.7,1.66,1.69,1.59,1.68,1.47,1.96
2026-09-27T11:00:00Z,0.0,2.26,0.83,1.08,2.19,1.69,1.65,1.78,1.72,0.83,1.72,1.7,1.66,1.69,1.58,1.67,1.48,1.96
2026-09-27T11:15:00Z,0.0,2.27,0.83,1.08,2.2,1.69,1.65,1.78,1.72,0.84,1.7,1.7,1.66,1.69,1.59,1.67,1.51,1.96
2026-09-27T11:30:00Z,0.0,2.25,0.83,1.08,2.19,1.68,1.66,1.78,1.72,0.84,1.71,1.7,1.66,1.7,1.58,1.67,1.48,1.96
2026-09-27T11:45:00Z,0.0,2.27,0.84,1.08,2.2,1.69,1.65,1.78,1.72,0.84,1.71,1.7,1.66,1.7,1.59,1.67,1.48,1.96
2026-09-27T12:00:00Z,0.0,2.27,0.84,1.08,2.2,1.68,1.66,1.78,1.72,0.84,1.71,1.7,1.67,1.7,1.58,1.68,1.48,1.95
2026-09-27T12:15:00Z,0.0,2.28,0.83,1.08,2.2,1.69,1.66,1.78,1.72,0.84,1.71,1.7,1.67,1.7,1.58,1.69,1.47,1.95
2026-09-27T12:30:00Z,0.0,2.28,0.83,1.08,2.19,1.69,1.66,1.78,1.72,0.84,1.71,1.7,1.66,1.7,1.58,1.68,1.46,1.95
2026-09-27T12:45:00Z,0.0,2.28,0.83,1.08,2.2,1.69,1.65,1.78,1.72,0.84,1.7,1.7,1.66,1.7,1.58,1.68,1.47,1.95
2026-09-27T13:00:00Z,0.0,2.29,0.84,1.08,2.19,1.68,1.66,1.78,1.72,0.84,1.71,1.7,1.67,1.7,1.59,1.67,1.47,1.95
2026-09-27T13:15:00Z,0.0,2.28,0.83,1.08,2.2,1.69,1.66,1.78,1.72,0.84,1.71,1.7,1.66,1.7,1.58,1.67,1.51,1.95
2026-09-27T13:30:00Z,0.0,2.27,0.83,1.08,2.19,1.68,1.66,1.78,1.72,0.84,1.71,1.7,1.66,1.7,1.59,1.67,1.47,1.95
2026-09-27T13:45:00Z,0.0,2.28,0.83,1.08,2.19,1.69,1.66,1.78,1.72,0.84,1.7,1.7,1.66,1.7,1.58,1.67,1.48,1.95
2026-09-27T14:00:00Z,0.0,2.28,0.83,1.08,2.19,1.69,1.66,1.78,1.72,0.84,1.71,1.7,1.66,1.7,1.58,1.68,1.47,1.95
2026-09-27T14:15:00Z,0.0,2.28,0.83,1.08,2.2,1.69,1.66,1.78,1.72,0.84,1.71,1.7,1.66,1.7,1.58,1.67,1.49,1.95
2026-09-27T14:30:00Z,0.0,2.27,0.83,1.08,2.19,1.69,1.65,1.78,1.72,0.84,1.72,1.7,1.66,1.7,1.58,1.67,1.49,1.95
2026-09-27T14:45:00Z,0.0,2.28,0.83,1.08,2.19,1.68,1.65,1.78,1.72,0.83,1.7,1.7,1.66,1.7,1.59,1.67,1.48,1.95
2026-09-27T15:00:00Z,0.0,2.28,0.83,1.08,2.19,1.69,1.65,1.78,1.72,0.84,1.69,1.7,1.66,1.7,1.58,1.68,1.47,1.95
2026-09-27T15:15:00Z,0.38,2.29,0.84,1.08,2.19,1.69,1.65,1.77,1.73,0.84,1.69,1.7,1.66,1.7,1.58,1.67,1.47,1.95
2026-09-27T15:30:00Z,0.39,2.3,0.83,1.08,2.19,1.69,1.65,1.77,1.72,0.84,1.71,1.7,1.67,1.7,1.58,1.68,1.47,1.95
2026-09-27T15:45:00Z,0.16,2.3,0.84,1.08,2.19,1.69,1.65,1.78,1.72,0.84,1.71,1.7,1.67,1.7,1.58,1.67,1.47,1.95
2026-09-27T16:00:00Z,0.02,2.24,0.84,1.08,2.21,1.69,1.65,1.78,1.72,0.84,1.7,1.7,1.67,1.7,1.58,1.68,1.47,1.95
2026-09-27T16:15:00Z,0.03,2.26,0.84,1.08,2.2,1.69,1.65,1.78,1.72,0.84,1.7,1.7,1.67,1.7,1.58,1.68,1.47,1.95
2026-09-27T16:30:00Z,0.12,2.28,0.84,1.08,2.19,1.69,1.66,1.78,1.72,0.84,1.71,1.7,1.67,1.7,1.58,1.68,1.47,1.95
2026-09-27T16:45:00Z,0.0,2.29,0.84,1.08,2.19,1.68,1.66,1.78,1.72,0.84,1.7,1.7,1.67,1.7,1.58,1.68,1.47,1.95
2026-09-27T17:00:00Z,0.0,2.29,0.84,1.08,2.2,1.69,1.66,1.78,1.72,0.84,1.71,1.7,1.67,1.7,1.59,1.68,1.47,1.95
2026-09-27T17:15:00Z,0.0,2.28,0.84,1.08,2.19,1.69,1.65,1.78,1.72,0.84,1.72,1.7,1.67,1.69,1.58,1.68,1.47,1.95
2026-09-27T17:30:00Z,0.0,2.28,0.83,1.08,2.19,1.69,1.65,1.78,1.72,0.84,1.71,1.7,1.67,1.7,1.58,1.68,1.47,1.95
2026-09-27T17:45:00Z,0.0,2.28,0.83,1.08,2.19,1.69,1.65,1.78,1.72,0.84,1.72,1.7,1.67,1.7,1.58,1.68,1.47,1.95
2026-09-27T18:00:00Z,0.0,2.29,0.83,1.08,2.19,1.69,1.65,1.78,1.72,0.84,1.71,1.7,1.67,1.69,1.58,1.68,1.47,1.95
2026-09-27T18:15:00Z,0.0,2.29,0.83,1.08,2.19,1.69,1.65,1.78,1.72,0.84,1.71,1.7,1.67,1.69,1.58,1.68,1.47,1.95
2026-09-27T18:30:00Z,0.0,2.29,0.83,1.08,2.19,1.69,1.65,1.78,1.72,0.84,1.72,1.7,1.67,1.69,1.58,1.68,1.47,1.96
2026-09-27T18:45:00Z,0.0,2.29,0.84,1.08,2.19,1.69,1.65,1.78,1.72,0.84,1.72,1.7,1.67,1.69,1.58,1.68,1.47,1.96
2026-09-27T19:00:00Z,0.0,2.29,0.83,1.08,2.19,1.69,1.65,1.78,1.72,0.84,1.71,1.7,1.67,1.69,1.58,1.68,1.47,1.96
2026-09-27T19:15:00Z,0.0,2.29,0.83,1.08,2.19,1.69,1.65,1.78,1.72,0.84,1.7,1.7,1.67,1.69,1.58,1.68,1.47,1.96
2026-09-27T19:30:00Z,0.0,2.29,0.84,1.08,2.19,1.69,1.66,1.78,1.72,0.84,1.71,1.7,1.67,1.69,1.58,1.68,1.47,1.96
2026-09-27T19:45:00Z,0.0,2.29,0.83,1.08,2.19,1.69,1.66,1.78,1.72,0.84,1.71,1.7,1.67,1.69,1.58,1.68,1.47,1.96
2026-09-27T20:00:00Z,0.0,2.29,0.83,1.08,2.19,1.69,1.66,1.78,1.72,0.84,1.71,1.7,1.67,1.69,1.58,1.68,1.47,1.96
2026-09-27T20:15:00Z,0.0,2.29,0.83,1.08,2.19,1.69,1.65,1.78,1.72,0.84,1.7,1.7,1.67,1.69,1.58,1.68,1.47,1.96
2026-09-27T20:30:00Z,0.0,2.29,0.83,1.08,2.19,1.69,1.66,1.78,1.72,0.84,1.71,1.7,1.67,1.69,1.58,1.68,1.47,1.96
2026-09-27T20:45:00Z,0.0,2.29,0.84,1.08,2.19,1.69,1.66,1.78,1.72,0.84,1.69,1.71,1.66,1.69,1.58,1.68,1.47,1.96
2026-09-27T21:00:00Z,0.0,2.29,0.84,1.08,2.19,1.69,1.66,1.78,1.72,0.84,1.71,1.71,1.66,1.69,1.58,1.68,1.47,1.96
2026-09-27T21:15:00Z,0.0,2.29,0.84,1.08,2.19,1.69,1.65,1.78,1.72,0.84,1.72,1.71,1.66,1.69,1.58,1.68,1.47,1.96
2026-09-27T21:30:00Z,0.0,2.29,0.83,1.08,2.19,1.69,1.66,1.78,1.72,0.84,1.72,1.71,1.66,1.69,1.58,1.68,1.47,1.96
2026-09-27T21:45:00Z,0.0,2.29,0.84,1.08,2.19,1.69,1.66,1.78,1.72,0.84,1.71,1.71,1.67,1.69,1.58,1.68,1.47,1.96
2026-09-27T22:00:00Z,0.0,2.29,0.83,1.08,2.19,1.69,1.66,1.78,1.72,0.84,1.7,1.71,1.66,1.69,1.58,1.68,1.47,1.96
2026-09-27T22:15:00Z,0.0,2.29,0.83,1.08,2.19,1.69,1.66,1.78,1.72,0.84,1.71,1.71,1.66,1.69,1.58,1.68,1.47,1.96
2026-09-27T22:30:00Z,0.0,2.29,0.83,1.08,2.19,1.69,1.66,1.78,1.72,0.84,1.71,1.71,1.66,1.69,1.58,1.68,1.47,1.96
2026-09-27T22:45:00Z,0.0,2.29,0.84,1.08,2.19,1.69,1.66,1.78,1.72,0.84,1.72,1.71,1.66,1.69,1.58,1.68,1.47,1.96
2026-09-27T23:00:00Z,0.0,2.29,0.83,1.08,2.19,1.69,1.66,1.78,1.72,0.84,1.71,1.71,1.66,1.69,1.58,1.68,1.48,1.96
2026-09-27T23:15:00Z,0.0,2.29,0.84,1.08,2.19,1.69,1.66,1.78,1.72,0.84,1.72,1.71,1.66,1.69,1.58,1.68,1.48,1.96
2026-09-27T23:30:00Z,0.0,2.29,0.84,1.08,2.19,1.69,1.66,1.78,1.72,0.84,1.7,1.71,1.66,1.69,1.58,1.68,1.48,1.96
2026-09-27T23:45:00Z,0.0,2.29,0.84,1.08,2.19,1.69,1.66,1.78,1.72,0.84,1.73,1.71,1.66,1.69,1.58,1.68,1.48,1.96
2026-09-28T00:00:00Z,0.0,2.29,0.83,1.08,2.19,1.69,1.66,1.78,1.72,0.84,1.72,1.71,1.66,1.69,1.58,1.68,1.48,1.96
2026-09-28T00:15:00Z,0.0,2.29,0.84,1.08,2.19,1.69,1.66,1.78,1.72,0.84,1.71,1.71,1.66,1.69,1.58,1.68,1.48,1.96
2026-09-28T00:30:00Z,0.0,2.29,0.83,1.08,2.19,1.69,1.66,1.78,1.72,0.84,1.7,1.71,1.66,1.69,1.58,1.68,1.48,1.96
2026-09-28T00:45:00Z,0.0,2.29,0.84,1.08,2.19,1.69,1.66,1.78,1.72,0.84,1.73,1.71,1.66,1.69,1.58,1.68,1.48,1.96
2026-09-28T01:00:00Z,0.0,2.29,0.84,1.08,2.19,1.69,1.66,1.78,1.72,0.84,1.72,1.71,1.66,1.69,1.58,1.68,1.48,1.96
2026-09-28T01:15:00Z,0.0,2.29,0.84,1.08,2.19,1.69,1.66,1.78,1.72,0.84,1.72,1.71,1.66,1.69,1.58,1.68,1.48,1.96
2026-09-28T01:30:00Z,0.0,2.29,0.84,1.08,2.19,1.69,1.66,1.78,1.72,0.84,1.71,1.71,1.66,1.69,1.58,1.68,1.48,1.96
2026-09-28T01:45:00Z,0.0,2.29,0.84,1.08,2.19,1.69,1.66,1.78,1.72,0.84,1.72,1.71,1.66,1.69,1.58,1.68,1.48,1.96
2026-09-28T02:00:00Z,0.0,2.29,0.84,1.08,2.19,1.69,1.66,1.78,1.72,0.84,1.72,1.71,1.66,1.69,1.58,1.68,1.48,1.96
2026-09-28T02:15:00Z,0.0,2.29,0.83,1.08,2.19,1.69,1.66,1.78,1.72,0.84,1.72,1.71,1.66,1.69,1.58,1.68,1.48,1.96
2026-09-28T02:30:00Z,0.0,2.29,0.84,1.08,2.19,1.69,1.66,1.78,1.72,0.84,1.73,1.71,1.66,1.69,1.58,1.68,1.48,1.96
2026-09-28T02:45:00Z,0.0,2.29,0.84,1.08,2.19,1.69,1.66,1.78,1.72,0.84,1.71,1.71,1.66,1.69,1.58,1.68,1.48,1.96
2026-09-28T03:00:00Z,0.0,2.29,0.83,1.08,2.19,1.69,1.66,1.78,1.72,0.84,1.72,1.71,1.66,1.69,1.58,1.68,1.48,1.96
2026-09-28T03:15:00Z,0.0,2.29,0.84,1.08,2.19,1.69,1.66,1.78,1.72,0.84,1.71,1.71,1.66,1.69,1.58,1.69,1.48,1.96
2026-09-28T03:30:00Z,0.0,2.29,0.84,1.08,2.19,1.69,1.66,1.78,1.72,0.84,1.73,1.71,1.66,1.69,1.59,1.68,1.48,1.96
2026-09-28T03:45:00Z,0.0,2.29,0.84,1.08,2.19,1.69,1.66,1.78,1.72,0.84,1.72,1.71,1.67,1.69,1.59,1.68,1.48,1.96
2026-09-28T04:00:00Z,0.0,2.29,0.84,1.08,2.19,1.69,1.66,1.78,1.72,0.84,1.72,1.71,1.66,1.69,1.59,1.69,1.48,1.96
2026-09-28T04:15:00Z,0.0,2.28,0.84,1.08,2.19,1.69,1.66,1.78,1.72,0.84,1.72,1.71,1.67,1.69,1.59,1.69,1.48,1.96
2026-09-28T04:30:00Z,0.0,2.28,0.84,1.08,2.19,1.69,1.66,1.78,1.72,0.84,1.73,1.71,1.67,1.69,1.59,1.69,1.48,1.96
2026-09-28T04:45:00Z,0.0,2.28,0.84,1.08,2.19,1.69,1.66,1.78,1.72,0.84,1.72,1.71,1.67,1.69,1.59,1.69,1.48,1.96
2026-09-28T05:00:00Z,0.0,2.28,0.84,1.08,2.19,1.69,1.66,1.78,1.72,0.84,1.72,1.71,1.67,1.69,1.59,1.69,1.48,1.96
2026-09-28T05:15:00Z,0.0,2.28,0.84,1.08,2.19,1.69,1.66,1.78,1.72,0.84,1.71,1.71,1.67,1.69,1.59,1.68,1.48,1.96
2026-09-28T05:30:00Z,0.0,2.28,0.84,1.08,2.19,1.69,1.66,1.78,1.72,0.84,1.71,1.71,1.67,1.69,1.59,1.69,1.48,1.96
2026-09-28T05:45:00Z,0.0,2.28,0.84,1.08,2.19,1.69,1.66,1.78,1.72,0.84,1.7,1.71,1.67,1.69,1.59,1.69,1.48,1.96
2026-09-28T06:00:00Z,0.0,2.28,0.83,1.08,2.19,1.69,1.66,1.78,1.72,0.84,1.71,1.71,1.67,1.69,1.59,1.69,1.48,1.96
2026-09-28T06:15:00Z,0.0,2.28,0.84,1.08,2.19,1.69,1.66,1.78,1.72,0.84,1.71,1.71,1.67,1.69,1.59,1.69,1.48,1.96
2026-09-28T06:30:00Z,0.0,2.28,0.84,1.08,2.19,1.69,1.66,1.78,1.72,0.84,1.72,1.71,1.67,1.69,1.59,1.69,1.48,1.96
2026-09-28T06:45:00Z,0.0,2.28,0.83,1.08,2.19,1.69,1.66,1.78,1.72,0.84,1.71,1.71,1.67,1.69,1.59,1.69,1.48,1.96
2026-09-28T07:00:00Z,0.0,2.28,0.84,1.08,2.19,1.69,1.66,1.78,1.72,0.84,1.72,1.71,1.67,1.69,1.59,1.69,1.48,1.96
2026-09-28T07:15:00Z,0.0,2.28,0.84,1.08,2.19,1.69,1.66,1.78,1.72,0.84,1.72,1.71,1.67,1.69,1.59,1.69,1.48,1.96
2026-09-28T07:30:00Z,0.0,2.28,0.84,1.08,2.19,1.69,1.66,1.78,1.72,0.84,1.72,1.71,1.67,1.69,1.59,1.69,1.48,1.96
2026-09-28T07:45:00Z,0.0,2.28,0.84,1.08,2.19,1.69,1.66,1.78,1.72,0.84,1.7,1.71,1.67,1.69,1.59,1.69,1.48,1.96
2026-09-28T08:00:00Z,0.0,2.28,0.83,1.08,2.19,1.69,1.66,1.78,1.72,0.84,1.72,1.71,1.67,1.7,1.59,1.69,1.48,1.96
2026-09-28T08:15:00Z,0.0,2.27,0.83,1.08,2.19,1.69,1.66,1.78,1.72,0.84,1.72,1.71,1.67,1.69,1.59,1.69,1.48,1.96
2026-09-28T08:30:00Z,0.0,2.27,0.84,1.08,2.19,1.69,1.66,1.78,1.72,0.84,1.71,1.71,1.67,1.7,1.59,1.69,1.48,1.96
2026-09-28T08:45:00Z,0.0,2.28,0.83,1.08,2.19,1.69,1.66,1.78,1.72,0.84,1.71,1.71,1.67,1.7,1.59,1.69,1.48,1.96
2026-09-28T09:00:00Z,0.0,2.28,0.84,1.08,2.2,1.69,1.66,1.78,1.72,0.84,1.7,1.71,1.66,1.69,1.59,1.69,1.48,1.96
2026-09-28T09:15:00Z,0.0,2.3,0.84,1.08,2.19,1.69,1.66,1.78,1.72,0.84,1.7,1.71,1.66,1.69,1.59,1.68,1.48,1.96
2026-09-28T09:30:00Z,0.0,2.28,0.84,1.08,2.19,1.69,1.66,1.78,1.72,0.84,1.72,1.71,1.66,1.69,1.59,1.69,1.46,1.96
2026-09-28T09:45:00Z,0.0,2.28,0.84,1.08,2.19,1.69,1.66,1.78,1.72,0.84,1.72,1.71,1.66,1.69,1.59,1.69,1.48,1.96
2026-09-28T10:00:00Z,0.0,2.28,0.84,1.08,2.19,1.69,1.66,1.78,1.72,0.84,1.72,1.71,1.66,1.69,1.59,1.69,1.48,1.96
2026-09-28T10:15:00Z,0.0,2.29,0.84,1.08,2.2,1.69,1.66,1.78,1.72,0.84,1.72,1.71,1.66,1.69,1.59,1.69,1.48,1.96
2026-09-28T10:30:00Z,0.0,2.28,0.84,1.08,2.19,1.69,1.65,1.78,1.72,0.84,1.72,1.71,1.66,1.7,1.59,1.69,1.48,1.96
2026-09-28T10:45:00Z,0.02,2.28,0.84,1.08,2.19,1.69,1.66,1.78,1.72,0.84,1.72,1.71,1.66,1.7,1.6,1.69,1.48,1.96
2026-09-28T11:00:00Z,0.0,2.27,0.83,1.08,2.23,1.69,1.66,1.78,1.72,0.84,1.72,1.71,1.66,1.7,1.59,1.68,1.48,1.96
2026-09-28T11:15:00Z,0.0,2.25,0.84,1.08,2.19,1.69,1.66,1.78,1.72,0.84,1.72,1.71,1.66,1.7,1.59,1.68,1.48,1.96
2026-09-28T11:30:00Z,0.0,2.27,0.84,1.08,2.2,1.69,1.66,1.78,1.72,0.84,1.73,1.71,1.66,1.7,1.59,1.68,1.48,1.96
2026-09-28T11:45:00Z,0.0,2.28,0.84,1.08,2.2,1.69,1.66,1.78,1.72,0.84,1.71,1.71,1.66,1.7,1.59,1.68,1.48,1.96
2026-09-28T12:00:00Z,0.0,2.28,0.84,1.08,2.2,1.69,1.66,1.78,1.72,0.84,1.72,1.71,1.67,1.7,1.59,1.68,1.48,1.96
2026-09-28T12:15:00Z,0.0,2.28,0.84,1.08,2.19,1.69,1.66,1.78,1.72,0.84,1.73,1.71,1.68,1.7,1.59,1.68,1.48,1.96
2026-09-28T12:30:00Z,0.0,2.28,0.84,1.08,2.19,1.69,1.66,1.78,1.72,0.84,1.71,1.71,1.67,1.7,1.59,1.68,1.48,1.96
2026-09-28T12:45:00Z,0.0,2.28,0.84,1.08,2.2,1.69,1.66,1.78,1.72,0.84,1.7,1.71,1.68,1.69,1.59,1.68,1.48,1.96
2026-09-28T13:00:00Z,0.0,2.29,0.84,1.08,2.19,1.69,1.65,1.78,1.72,0.84,1.72,1.71,1.67,1.69,1.59,1.68,1.48,1.96
2026-09-28T13:15:00Z,0.0,2.29,0.84,1.08,2.19,1.69,1.65,1.78,1.72,0.84,1.7,1.71,1.66,1.69,1.59,1.68,1.48,1.96
2026-09-28T13:30:00Z,0.0,2.29,0.84,1.08,2.19,1.69,1.65,1.78,1.72,0.84,1.72,1.71,1.66,1.69,1.59,1.68,1.48,1.96
2026-09-28T13:45:00Z,0.0,2.27,0.84,1.08,2.19,1.69,1.65,1.78,1.72,0.84,1.72,1.71,1.68,1.69,1.59,1.68,1.47,1.96
2026-09-28T14:00:00Z,0.0,2.28,0.84,1.08,2.2,1.69,1.65,1.78,1.71,0.84,1.71,1.71,1.67,1.69,1.59,1.68,1.48,1.96
2026-09-28T14:15:00Z,0.0,2.29,0.84,1.08,2.19,1.69,1.66,1.78,1.72,0.84,1.71,1.71,1.66,1.69,1.59,1.68,1.47,1.96
2026-09-28T14:30:00Z,0.0,2.29,0.84,1.08,2.2,1.69,1.66,1.78,1.72,0.84,1.72,1.71,1.66,1.69,1.59,1.68,1.47,1.96
2026-09-28T14:45:00Z,0.0,2.29,0.84,1.08,2.19,1.69,1.66,1.78,1.72,0.84,1.71,1.71,1.66,1.69,1.58,1.68,1.47,1.96
2026-09-28T15:00:00Z,0.0,2.29,0.84,1.08,2.19,1.69,1.66,1.78,1.72,0.84,1.72,1.71,1.66,1.69,1.58,1.68,1.47,1.96
2026-09-28T15:15:00Z,0.0,2.29,0.84,1.08,2.2,1.69,1.66,1.78,1.72,0.83,1.71,1.71,1.66,1.69,1.58,1.68,1.47,1.96
2026-09-28T15:30:00Z,0.0,2.29,0.84,1.08,2.2,1.69,1.66,1.78,1.72,0.83,1.71,1.71,1.66,1.69,1.58,1.68,1.47,1.96
2026-09-28T15:45:00Z,0.0,2.29,0.84,1.08,2.2,1.69,1.66,1.78,1.72,0.83,1.71,1.71,1.66,1.69,1.59,1.68,1.47,1.96
2026-09-28T16:00:00Z,0.0,2.29,0.83,1.08,2.2,1.69,1.66,1.78,1.72,0.83,1.72,1.71,1.66,1.7,1.59,1.68,1.47,1.96
2026-09-28T16:15:00Z,0.0,2.29,0.84,1.08,2.2,1.69,1.66,1.78,1.72,0.83,1.72,1.71,1.67,1.7,1.59,1.68,1.47,1.96
2026-09-28T16:30:00Z,0.0,2.29,0.83,1.08,2.19,1.69,1.66,1.78,1.72,0.83,1.69,1.71,1.67,1.7,1.59,1.68,1.47,1.96
2026-09-28T16:45:00Z,0.0,2.29,0.83,1.08,2.2,1.69,1.66,1.78,1.72,0.83,1.7,1.71,1.67,1.7,1.59,1.68,1.47,1.96
2026-09-28T17:00:00Z,0.0,2.29,0.84,1.08,2.19,1.69,1.66,1.78,1.72,0.83,1.69,1.71,1.67,1.7,1.59,1.68,1.47,1.96
2026-09-28T17:15:00Z,0.0,2.29,0.83,1.08,2.2,1.69,1.66,1.78,1.72,0.83,1.71,1.71,1.67,1.7,1.59,1.68,1.47,1.96
2026-09-28T17:30:00Z,0.0,2.29,0.84,1.08,2.2,1.69,1.66,1.78,1.72,0.83,1.71,1.71,1.67,1.7,1.59,1.68,1.47,1.96
2026-09-28T17:45:00Z,0.0,2.27,0.84,1.08,2.2,1.69,1.66,1.78,1.72,0.83,1.71,1.71,1.67,1.7,1.59,1.68,1.47,1.96
2026-09-28T18:00:00Z,0.0,2.28,0.83,1.08,2.19,1.69,1.66,1.78,1.72,0.83,1.71,1.71,1.67,1.7,1.59,1.68,1.47,1.96
2026-09-28T18:15:00Z,0.0,2.28,0.84,1.08,2.19,1.69,1.66,1.78,1.72,0.83,1.72,1.71,1.67,1.7,1.59,1.68,1.47,1.96
2026-09-28T18:30:00Z,0.0,2.29,0.83,1.08,2.19,1.69,1.66,1.78,1.72,0.83,1.7,1.71,1.67,1.7,1.59,1.68,1.47,1.96
2026-09-28T18:45:00Z,0.0,2.29,0.84,1.08,2.19,1.69,1.66,1.78,1.72,0.83,1.71,1.71,1.67,1.7,1.59,1.68,1.47,1.96
2026-09-28T19:00:00Z,0.0,2.29,0.83,1.08,2.19,1.69,1.66,1.78,1.72,0.83,1.71,1.71,1.67,1.7,1.59,1.68,1.47,1.96
2026-09-28T19:15:00Z,0.0,2.29,0.83,1.08,2.19,1.69,1.66,1.78,1.72,0.83,1.71,1.71,1.67,1.69,1.59,1.68,1.47,1.96
2026-09-28T19:30:00Z,0.0,2.29,0.84,1.08,2.19,1.69,1.66,1.78,1.72,0.83,1.71,1.71,1.67,1.69,1.58,1.68,1.47,1.96
2026-09-28T19:45:00Z,0.0,2.29,0.84,1.08,2.19,1.69,1.66,1.78,1.72,0.83,1.71,1.71,1.67,1.69,1.58,1.68,1.48,1.96
2026-09-28T20:00:00Z,0.0,2.29,0.83,1.08,2.19,1.69,1.66,1.78,1.72,0.83,1.72,1.71,1.67,1.69,1.58,1.68,1.48,1.96
2026-09-28T20:15:00Z,0.0,2.29,0.84,1.08,2.19,1.69,1.66,1.78,1.72,0.83,1.69,1.71,1.67,1.69,1.58,1.68,1.48,1.96
2026-09-28T20:30:00Z,0.0,2.29,0.83,1.08,2.19,1.69,1.66,1.78,1.72,0.83,1.71,1.71,1.67,1.69,1.58,1.68,1.48,1.97
2026-09-28T20:45:00Z,0.0,2.29,0.84,1.08,2.19,1.69,1.66,1.78,1.72,0.83,1.7,1.71,1.67,1.69,1.58,1.68,1.48,1.97
2026-09-28T21:00:00Z,0.0,2.29,0.84,1.08,2.19,1.69,1.66,1.78,1.72,0.83,1.7,1.71,1.67,1.69,1.58,1.68,1.48,1.97
2026-09-28T21:15:00Z,0.0,2.29,0.83,1.08,2.19,1.69,1.66,1.78,1.72,0.83,1.71,1.71,1.67,1.69,1.58,1.68,1.48,1.97
2026-09-28T21:30:00Z,0.0,2.29,0.83,1.08,2.19,1.69,1.66,1.78,1.71,0.83,1.72,1.71,1.67,1.69,1.58,1.68,1.48,1.97
2026-09-28T21:45:00Z,0.0,2.29,0.84,1.08,2.19,1.69,1.66,1.78,1.72,0.83,1.71,1.71,1.67,1.69,1.58,1.68,1.48,1.97
2026-09-28T22:00:00Z,0.0,2.29,0.83,1.08,2.19,1.69,1.66,1.78,1.72,0.83,1.72,1.71,1.67,1.69,1.58,1.68,1.48,1.97
2026-09-28T22:15:00Z,0.0,2.29,0.83,1.08,2.19,1.69,1.66,1.78,1.71,0.83,1.71,1.71,1.67,1.69,1.58,1.68,1.48,1.97
2026-09-28T22:30:00Z,0.0,2.29,0.83,1.08,2.19,1.69,1.66,1.78,1.72,0.83,1.72,1.71,1.67,1.69,1.59,1.68,1.48,1.97
2026-09-28T22:45:00Z,0.0,2.29,0.84,1.08,2.19,1.69,1.66,1.78,1.72,0.83,1.72,1.71,1.67,1.69,1.58,1.68,1.48,1.97
2026-09-28T23:00:00Z,0.0,2.29,0.83,1.08,2.19,1.69,1.66,1.78,1.72,0.83,1.71,1.71,1.67,1.69,1.59,1.68,1.48,1.97
2026-09-28T23:15:00Z,0.0,2.29,0.83,1.08,2.19,1.69,1.66,1.78,1.72,0.83,1.71,1.71,1.67,1.69,1.59,1.68,1.48,1.97
2026-09-28T23:30:00Z,0.0,2.29,0.83,1.08,2.19,1.69,1.66,1.78,1.71,0.83,1.71,1.71,1.67,1.69,1.59,1.69,1.48,1.97
2026-09-28T23:45:00Z,0.0,2.29,0.83,1.08,2.19,1.69,1.66,1.78,1.72,0.83,1.71,1.71,1.67,1.69,1.59,1.69,1.48,1.97
2026-09-29T00:00:00Z,0.0,2.29,0.83,1.08,2.19,1.69,1.66,1.78,1.71,0.83,1.7,1.71,1.67,1.69,1.59,1.69,1.48,1.97
2026-09-29T00:15:00Z,0.0,2.29,0.83,1.08,2.19,1.69,1.66,1.78,1.72,0.83,1.71,1.71,1.67,1.69,1.59,1.69,1.48,1.97
2026-09-29T00:30:00Z,0.0,2.28,0.83,1.08,2.19,1.69,1.66,1.78,1.72,0.83,1.7,1.71,1.67,1.69,1.59,1.69,1.48,1.97
2026-09-29T00:45:00Z,0.0,2.28,0.83,1.08,2.19,1.69,1.66,1.78,1.72,0.83,1.72,1.71,1.67,1.69,1.59,1.69,1.48,1.98
2026-09-29T01:00:00Z,0.0,2.29,0.84,1.08,2.19,1.69,1.66,1.78,1.71,0.83,1.72,1.71,1.67,1.69,1.59,1.69,1.48,1.98
2026-09-29T01:15:00Z,0.0,2.29,0.84,1.08,2.19,1.69,1.65,1.78,1.72,0.83,1.7,1.71,1.67,1.69,1.59,1.69,1.48,1.98
2026-09-29T01:30:00Z,0.0,2.28,0.84,1.08,2.19,1.69,1.65,1.78,1.72,0.83,1.7,1.71,1.67,1.69,1.59,1.69,1.48,1.98
2026-09-29T01:45:00Z,0.0,2.28,0.84,1.08,2.19,1.69,1.65,1.78,1.72,0.83,1.72,1.71,1.67,1.69,1.59,1.69,1.48,1.98
2026-09-29T02:00:00Z,0.0,2.29,0.83,1.08,2.19,1.69,1.65,1.78,1.72,0.83,1.71,1.71,1.67,1.69,1.59,1.69,1.48,1.98
2026-09-29T02:15:00Z,0.0,2.29,0.83,1.08,2.19,1.69,1.65,1.78,1.72,0.83,1.71,1.71,1.67,1.69,1.59,1.69,1.48,1.98
2026-09-29T02:30:00Z,0.0,2.29,0.83,1.08,2.19,1.69,1.65,1.78,1.72,0.83,1.71,1.71,1.67,1.69,1.59,1.69,1.48,1.98
2026-09-29T02:45:00Z,0.0,2.29,0.83,1.08,2.19,1.69,1.65,1.78,1.72,0.83,1.72,1.71,1.67,1.7,1.59,1.69,1.48,1.98
2026-09-29T03:00:00Z,0.0,2.29,0.83,1.08,2.19,1.69,1.65,1.78,1.72,0.83,1.71,1.71,1.67,1.7,1.59,1.69,1.48,1.98
2026-09-29T03:15:00Z,0.0,2.29,0.83,1.08,2.19,1.69,1.65,1.78,1.72,0.83,1.71,1.71,1.67,1.7,1.59,1.69,1.48,1.98
2026-09-29T03:30:00Z,0.0,2.29,0.83,1.08,2.19,1.69,1.65,1.78,1.72,0.83,1.72,1.71,1.67,1.7,1.59,1.69,1.48,1.98
2026-09-29T03:45:00Z,0.0,2.29,0.83,1.08,2.19,1.69,1.65,1.78,1.72,0.83,1.71,1.71,1.67,1.7,1.59,1.69,1.48,1.98
2026-09-29T04:00:00Z,0.0,2.29,0.83,1.08,2.19,1.69,1.65,1.78,1.72,0.83,1.72,1.71,1.67,1.7,1.59,1.69,1.48,1.98
2026-09-29T04:15:00Z,0.0,2.28,0.83,1.08,2.19,1.69,1.65,1.78,1.72,0.83,1.71,1.71,1.67,1.7,1.59,1.69,1.48,1.98
2026-09-29T04:30:00Z,0.0,2.28,0.83,1.08,2.19,1.69,1.65,1.78,1.72,0.83,1.72,1.71,1.67,1.7,1.59,1.69,1.48,1.98
2026-09-29T04:45:00Z,0.0,2.28,0.83,1.08,2.19,1.69,1.65,1.78,1.71,0.83,1.71,1.71,1.67,1.7,1.59,1.69,1.48,1.98
2026-09-29T05:00:00Z,0.0,2.28,0.83,1.08,2.19,1.69,1.65,1.78,1.72,0.83,1.7,1.71,1.67,1.7,1.59,1.69,1.48,1.98
2026-09-29T05:15:00Z,0.0,2.28,0.83,1.08,2.19,1.69,1.65,1.78,1.72,0.83,1.72,1.71,1.67,1.7,1.59,1.69,1.48,1.98
2026-09-29T05:30:00Z,0.0,2.28,0.83,1.08,2.19,1.69,1.65,1.78,1.72,0.83,1.72,1.71,1.67,1.7,1.59,1.69,1.48,1.98
2026-09-29T05:45:00Z,0.0,2.28,0.83,1.08,2.19,1.69,1.65,1.78,1.71,0.83,1.71,1.71,1.67,1.7,1.59,1.69,1.48,1.98
2026-09-29T06:00:00Z,0.0,2.28,0.83,1.08,2.19,1.69,1.65,1.78,1.72,0.83,1.69,1.71,1.67,1.7,1.59,1.69,1.48,1.98
2026-09-29T06:15:00Z,0.0,2.28,0.83,1.08,2.19,1.69,1.65,1.77,1.72,0.83,1.71,1.71,1.67,1.7,1.59,1.69,1.48,1.98
2026-09-29T06:30:00Z,0.0,2.28,0.83,1.08,2.19,1.69,1.65,1.78,1.72,0.83,1.71,1.71,1.67,1.7,1.59,1.69,1.48,1.98
2026-09-29T06:45:00Z,0.0,2.28,0.83,1.08,2.19,1.69,1.65,1.78,1.72,0.83,1.7,1.71,1.67,1.7,1.59,1.69,1.48,1.97
2026-09-29T07:00:00Z,0.0,2.28,0.83,1.08,2.19,1.69,1.65,1.78,1.72,0.83,1.71,1.71,1.67,1.7,1.59,1.69,1.48,1.97
2026-09-29T07:15:00Z,0.0,2.28,0.83,1.08,2.19,1.69,1.65,1.78,1.72,0.83,1.71,1.71,1.67,1.7,1.59,1.69,1.48,1.97
2026-09-29T07:30:00Z,0.0,2.28,0.83,1.08,2.19,1.69,1.65,1.78,1.72,0.83,1.71,1.72,1.67,1.7,1.59,1.69,1.48,1.97
2026-09-29T07:45:00Z,0.0,2.28,0.83,1.08,2.19,1.69,1.65,1.78,1.72,0.83,1.71,1.72,1.67,1.7,1.59,1.69,1.48,1.97
2026-09-29T08:00:00Z,0.0,2.28,0.83,1.08,2.19,1.69,1.65,1.78,1.72,0.83,1.72,1.72,1.67,1.7,1.59,1.69,1.48,1.97
2026-09-29T08:15:00Z,0.0,2.28,0.83,1.08,2.19,1.69,1.65,1.78,1.72,0.83,1.72,1.72,1.67,1.7,1.59,1.69,1.48,1.97
2026-09-29T08:30:00Z,0.0,2.28,0.83,1.08,2.19,1.69,1.65,1.78,1.72,0.83,1.72,1.72,1.67,1.7,1.59,1.69,1.48,1.97
2026-09-29T08:45:00Z,0.0,2.28,0.83,1.08,2.19,1.69,1.65,1.78,1.72,0.83,1.72,1.72,1.67,1.7,1.6,1.69,1.48,1.97
2026-09-29T09:00:00Z,0.0,2.27,0.83,1.08,2.19,1.69,1.65,1.78,1.72,0.83,1.69,1.72,1.67,1.7,1.59,1.69,1.48,1.97
2026-09-29T09:15:00Z,0.0,2.28,0.83,1.08,2.19,1.69,1.65,1.78,1.72,0.83,1.72,1.72,1.67,1.7,1.6,1.69,1.48,1.97
2026-09-29T09:30:00Z,0.0,2.28,0.83,1.08,2.19,1.69,1.65,1.78,1.72,0.83,1.7,1.72,1.67,1.71,1.6,1.69,1.48,1.97
2026-09-29T09:45:00Z,0.0,2.29,0.83,1.08,2.19,1.69,1.65,1.78,1.72,0.83,1.71,1.72,1.67,1.71,1.58,1.69,1.48,1.97
2026-09-29T10:00:00Z,0.0,2.26,0.83,1.08,2.19,1.69,1.65,1.78,1.71,0.83,1.72,1.72,1.67,1.71,1.59,1.69,1.49,1.97
2026-09-29T10:15:00Z,0.0,2.26,0.83,1.08,2.19,1.69,1.65,1.78,1.72,0.83,1.72,1.72,1.67,1.71,1.59,1.69,1.48,1.97
2026-09-29T10:30:00Z,0.0,2.27,0.83,1.08,2.19,1.69,1.64,1.78,1.72,0.83,1.71,1.72,1.67,1.71,1.59,1.69,1.48,1.97
2026-09-29T10:45:00Z,0.0,2.28,0.83,1.08,2.19,1.69,1.64,1.78,1.72,0.83,1.71,1.72,1.67,1.71,1.59,1.69,1.48,1.97
2026-09-29T11:00:00Z,0.0,2.28,0.83,1.08,2.19,1.69,1.65,1.78,1.72,0.83,1.72,1.72,1.68,1.71,1.59,1.69,1.48,1.97
2026-09-29T11:15:00Z,0.0,2.28,0.83,1.08,2.18,1.69,1.65,1.78,1.72,0.83,1.7,1.72,1.67,1.71,1.59,1.69,1.48,1.97
2026-09-29T11:30:00Z,0.0,2.28,0.83,1.08,2.19,1.69,1.65,1.78,1.72,0.83,1.71,1.72,1.67,1.7,1.59,1.69,1.48,1.97
2026-09-29T11:45:00Z,0.0,2.27,0.83,1.08,2.18,1.69,1.65,1.78,1.72,0.83,1.7,1.72,1.67,1.7,1.59,1.69,1.48,1.97
2026-09-29T12:00:00Z,0.0,2.27,0.83,1.08,2.2,1.69,1.65,1.78,1.72,0.83,1.71,1.72,1.67,1.7,1.59,1.69,1.48,1.97
2026-09-29T12:15:00Z,0.0,2.28,0.83,1.08,2.19,1.69,1.64,1.78,1.72,0.83,1.71,1.73,1.67,1.7,1.59,1.69,1.48,1.97
2026-09-29T12:30:00Z,0.0,2.28,0.83,1.08,2.2,1.69,1.65,1.78,1.72,0.83,1.72,1.72,1.67,1.7,1.59,1.69,1.48,1.97
2026-09-29T12:45:00Z,0.0,2.28,0.83,1.08,2.19,1.69,1.65,1.78,1.72,0.83,1.7,1.72,1.67,1.7,1.59,1.69,1.48,1.97
2026-09-29T13:00:00Z,0.0,2.28,0.83,1.08,2.19,1.69,1.65,1.78,1.71,0.83,1.71,1.72,1.67,1.7,1.59,1.69,1.51,1.97
2026-09-29T13:15:00Z,0.0,2.28,0.83,1.08,2.19,1.69,1.65,1.78,1.72,0.83,1.69,1.72,1.67,1.7,1.59,1.69,1.48,1.97
2026-09-29T13:30:00Z,0.0,2.29,0.83,1.08,2.19,1.68,1.65,1.78,1.72,0.83,1.7,1.72,1.67,1.7,1.59,1.69,1.49,1.97
2026-09-29T13:45:00Z,0.0,2.28,0.83,1.08,2.19,1.69,1.65,1.78,1.71,0.83,1.71,1.72,1.67,1.7,1.59,1.69,1.49,1.97
2026-09-29T14:00:00Z,0.0,2.29,0.83,1.08,2.19,1.69,1.65,1.78,1.71,0.82,1.71,1.72,1.67,1.7,1.59,1.69,1.48,1.97
2026-09-29T14:15:00Z,0.0,2.29,0.83,1.08,2.21,1.69,1.65,1.78,1.71,0.83,1.7,1.72,1.67,1.7,1.59,1.69,1.48,1.97
2026-09-29T14:30:00Z,0.0,2.29,0.83,1.08,2.19,1.69,1.65,1.78,1.72,0.83,1.7,1.72,1.67,1.7,1.59,1.69,1.51,1.96
2026-09-29T14:45:00Z,0.0,2.29,0.83,1.08,2.19,1.69,1.65,1.78,1.72,0.83,1.71,1.72,1.67,1.71,1.59,1.69,1.48,1.96
2026-09-29T15:00:00Z,0.0,2.28,0.83,1.08,2.19,1.69,1.65,1.78,1.72,0.82,1.7,1.72,1.67,1.71,1.59,1.69,1.48,1.96
2026-09-29T15:15:00Z,0.0,2.27,0.83,1.08,2.2,1.69,1.64,1.78,1.71,0.83,1.69,1.72,1.67,1.71,1.59,1.69,1.48,1.96
2026-09-29T15:30:00Z,0.0,2.28,0.83,1.08,2.19,1.69,1.65,1.78,1.71,0.82,1.7,1.72,1.67,1.71,1.59,1.69,1.48,1.96
2026-09-29T15:45:00Z,0.0,2.29,0.83,1.08,2.19,1.69,1.65,1.78,1.71,0.82,1.71,1.72,1.67,1.71,1.59,1.69,1.48,1.96
2026-09-29T16:00:00Z,0.0,2.29,0.83,1.08,2.2,1.69,1.64,1.78,1.71,0.82,1.7,1.72,1.67,1.71,1.6,1.69,1.48,1.96
2026-09-29T16:15:00Z,0.0,2.29,0.83,1.08,2.19,1.69,1.64,1.78,1.71,0.82,1.69,1.72,1.67,1.71,1.59,1.69,1.48,1.96
2026-09-29T16:30:00Z,0.0,2.3,0.83,1.08,2.19,1.69,1.65,1.78,1.71,0.82,1.7,1.72,1.68,1.7,1.59,1.69,1.48,1.96
2026-09-29T16:45:00Z,0.0,2.28,0.83,1.08,2.2,1.69,1.64,1.78,1.71,0.82,1.7,1.72,1.67,1.7,1.59,1.69,1.48,1.96
2026-09-29T17:00:00Z,0.0,2.27,0.83,1.08,2.19,1.69,1.64,1.78,1.71,0.82,1.69,1.72,1.67,1.7,1.59,1.69,1.48,1.96
2026-09-29T17:15:00Z,0.0,2.28,0.83,1.08,2.19,1.69,1.64,1.78,1.71,0.82,1.71,1.72,1.67,1.71,1.59,1.69,1.48,1.96
2026-09-29T17:30:00Z,0.0,2.29,0.83,1.08,2.19,1.69,1.65,1.77,1.71,0.82,1.71,1.72,1.67,1.71,1.59,1.69,1.48,1.96
2026-09-29T17:45:00Z,0.0,2.28,0.83,1.08,2.19,1.69,1.65,1.77,1.71,0.82,1.7,1.72,1.67,1.71,1.59,1.69,1.48,1.96
2026-09-29T18:00:00Z,0.0,2.28,0.83,1.08,2.19,1.69,1.64,1.78,1.71,0.82,1.69,1.72,1.67,1.71,1.59,1.69,1.48,1.96
2026-09-29T18:15:00Z,0.0,2.28,0.83,1.08,2.19,1.69,1.64,1.77,1.71,0.82,1.7,1.72,1.67,1.71,1.59,1.69,1.48,1.96
2026-09-29T18:30:00Z,0.0,2.28,0.83,1.08,2.19,1.69,1.64,1.77,1.71,0.82,1.69,1.72,1.67,1.71,1.59,1.69,1.48,1.96
2026-09-29T18:45:00Z,0.0,2.3,0.83,1.08,2.19,1.69,1.64,1.77,1.71,0.82,1.7,1.72,1.67,1.71,1.59,1.69,1.48,1.96
2026-09-29T19:00:00Z,0.0,2.29,0.83,1.08,2.19,1.69,1.64,1.77,1.71,0.82,1.69,1.72,1.67,1.71,1.59,1.69,1.48,1.96
2026-09-29T19:15:00Z,0.0,2.28,0.83,1.08,2.19,1.69,1.64,1.77,1.71,0.82,1.69,1.72,1.67,1.71,1.59,1.69,1.48,1.96
2026-09-29T19:30:00Z,0.0,2.28,0.83,1.08,2.19,1.69,1.64,1.77,1.71,0.82,1.69,1.72,1.67,1.71,1.59,1.69,1.48,1.96
2026-09-29T19:45:00Z,0.0,2.28,0.83,1.08,2.19,1.69,1.65,1.77,1.71,0.82,1.7,1.72,1.67,1.71,1.59,1.69,1.48,1.97
2026-09-29T20:00:00Z,0.0,2.28,0.83,1.08,2.19,1.69,1.64,1.77,1.71,0.82,1.71,1.72,1.67,1.71,1.59,1.69,1.48,1.97
2026-09-29T20:15:00Z,0.0,2.29,0.83,1.08,2.19,1.69,1.64,1.77,1.71,0.82,1.71,1.72,1.67,1.71,1.59,1.69,1.48,1.97
2026-09-29T20:30:00Z,0.0,2.28,0.83,1.08,2.19,1.69,1.64,1.77,1.71,0.82,1.7,1.72,1.67,1.71,1.59,1.69,1.47,1.97
2026-09-29T20:45:00Z,0.0,2.28,0.83,1.08,2.19,1.69,1.64,1.77,1.71,0.81,1.69,1.72,1.67,1.71,1.59,1.69,1.48,1.97
2026-09-29T21:00:00Z,0.0,2.28,0.83,1.08,2.19,1.69,1.64,1.77,1.71,0.81,1.71,1.72,1.67,1.71,1.59,1.69,1.48,1.97
2026-09-29T21:15:00Z,0.0,2.28,0.83,1.08,2.19,1.69,1.64,1.77,1.71,0.81,1.7,1.72,1.67,1.71,1.59,1.69,1.48,1.97
2026-09-29T21:30:00Z,0.0,2.28,0.83,1.08,2.19,1.69,1.64,1.77,1.71,0.82,1.69,1.72,1.67,1.71,1.59,1.69,1.48,1.97
2026-09-29T21:45:00Z,0.0,2.29,0.83,1.08,2.19,1.69,1.64,1.77,1.71,0.82,1.7,1.72,1.67,1.71,1.59,1.69,1.48,1.97
2026-09-29T22:00:00Z,0.0,2.28,0.83,1.08,2.19,1.69,1.64,1.77,1.71,0.81,1.7,1.72,1.67,1.71,1.59,1.69,1.48,1.97
2026-09-29T22:15:00Z,0.0,2.28,0.83,1.08,2.19,1.69,1.64,1.77,1.71,0.81,1.69,1.72,1.67,1.71,1.59,1.69,1.48,1.97
2026-09-29T22:30:00Z,0.0,2.29,0.83,1.08,2.19,1.69,1.64,1.77,1.71,0.81,1.69,1.72,1.67,1.71,1.59,1.69,1.48,1.97
2026-09-29T22:45:00Z,0.0,2.29,0.83,1.08,2.19,1.69,1.64,1.77,1.71,0.82,1.7,1.72,1.67,1.71,1.59,1.69,1.48,1.97
2026-09-29T23:00:00Z,0.0,2.29,0.83,1.08,2.19,1.69,1.64,1.77,1.71,0.81,1.69,1.72,1.67,1.71,1.59,1.69,1.48,1.97
2026-09-29T23:15:00Z,0.0,2.29,0.83,1.08,2.19,1.69,1.64,1.77,1.71,0.81,1.69,1.72,1.67,1.71,1.59,1.69,1.48,1.97
2026-09-29T23:30:00Z,0.0,2.29,0.83,1.08,2.19,1.69,1.64,1.77,1.71,0.81,1.7,1.72,1.67,1.71,1.59,1.69,1.48,1.97
2026-09-29T23:45:00Z,0.0,2.29,0.83,1.08,2.19,1.69,1.64,1.77,1.71,0.81,1.68,1.72,1.67,1.71,1.59,1.69,1.48,1.97
2026-09-30T00:00:00Z,0.0,2.29,0.83,1.08,2.19,1.69,1.64,1.77,1.71,0.81,1.69,1.72,1.67,1.71,1.59,1.69,1.48,1.97
2026-09-30T00:15:00Z,0.0,2.29,0.83,1.08,2.19,1.69,1.64,1.77,1.71,0.81,1.7,1.72,1.67,1.71,1.59,1.69,1.48,1.97
2026-09-30T00:30:00Z,0.0,2.29,0.83,1.08,2.19,1.69,1.64,1.77,1.71,0.81,1.69,1.72,1.67,1.71,1.59,1.69,1.48,1.97
2026-09-30T00:45:00Z,0.0,2.29,0.83,1.08,2.19,1.68,1.64,1.77,1.71,0.81,1.7,1.72,1.67,1.71,1.59,1.69,1.48,1.97
2026-09-30T01:00:00Z,0.0,2.29,0.83,1.08,2.19,1.69,1.64,1.77,1.71,0.81,1.7,1.72,1.67,1.71,1.59,1.69,1.48,1.97
2026-09-30T01:15:00Z,0.0,2.29,0.83,1.08,2.19,1.68,1.64,1.77,1.71,0.81,1.7,1.72,1.67,1.71,1.59,1.69,1.48,1.97
2026-09-30T01:30:00Z,0.0,2.29,0.83,1.08,2.19,1.68,1.64,1.77,1.71,0.81,1.69,1.72,1.67,1.71,1.59,1.69,1.48,1.97
2026-09-30T01:45:00Z,0.0,2.29,0.83,1.08,2.19,1.68,1.64,1.77,1.71,0.81,1.68,1.72,1.67,1.71,1.59,1.69,1.48,1.97
2026-09-30T02:00:00Z,0.0,2.29,0.83,1.08,2.19,1.68,1.63,1.77,1.71,0.81,1.69,1.72,1.67,1.71,1.59,1.69,1.48,1.97
2026-09-30T02:15:00Z,0.0,2.28,0.83,1.08,2.19,1.68,1.63,1.77,1.71,0.81,1.7,1.72,1.67,1.71,1.59,1.69,1.48,1.97
2026-09-30T02:30:00Z,0.06,2.28,0.83,1.08,2.19,1.68,1.63,1.77,1.71,0.81,1.7,1.72,1.67,1.71,1.59,1.69,1.48,1.97
